2024-06-21 20:37:27.921 [info] Log level: Info
2024-06-21 20:37:27.921 [info] Validating found git in: "git"
2024-06-21 20:37:27.921 [info] Using git "2.45.2" from "git"
2024-06-21 20:37:27.929 [info] > git rev-parse --show-toplevel [14ms]
2024-06-21 20:37:27.948 [info] > git rev-parse --git-dir --git-common-dir [14ms]
2024-06-21 20:37:27.956 [info] Open repository: /home/leo/Projects/nidas.dev
2024-06-21 20:37:27.973 [info] > git rev-parse --show-toplevel [5ms]
2024-06-21 20:37:27.974 [info] > git config --get commit.template [8ms]
2024-06-21 20:37:27.984 [info] > git rev-parse --show-toplevel [6ms]
2024-06-21 20:37:28.110 [info] > git for-each-ref --format=%(refname)%00%(upstream:short)%00%(objectname)%00%(upstream:track)%00%(upstream:remotename)%00%(upstream:remoteref) refs/heads/dev refs/remotes/dev [128ms]
2024-06-21 20:37:28.289 [info] > git status -z -uall [176ms]
2024-06-21 20:37:28.302 [info] > git merge-base refs/heads/dev refs/remotes/origin/dev [8ms]
2024-06-21 20:37:28.308 [info] > git config --get commit.template [5ms]
2024-06-21 20:37:28.348 [info] > git for-each-ref --format=%(refname)%00%(upstream:short)%00%(objectname)%00%(upstream:track)%00%(upstream:remotename)%00%(upstream:remoteref) refs/heads/dev refs/remotes/dev [1ms]
2024-06-21 20:37:28.354 [info] > git status -z -uall [3ms]
2024-06-21 20:37:28.360 [info] > git rev-list --count --left-right refs/heads/dev...refs/remotes/origin/dev [54ms]
2024-06-21 20:37:28.365 [info] > git diff --name-status -z --diff-filter=ADMR 887a064f64bda9f9f79e4e52000a826139bb4e0e...refs/remotes/origin/dev [1ms]
2024-06-21 20:37:28.463 [info] > git check-ignore -v -z --stdin [1ms]
2024-06-21 20:37:28.564 [info] > git ls-files --stage -- /home/leo/Projects/nidas.dev/nidas.dev/src/themes/theme.js [1ms]
2024-06-21 20:37:28.584 [info] > git show --textconv :nidas.dev/src/themes/theme.js [24ms]
2024-06-21 20:37:28.584 [info] > git cat-file -s 0b1a4022bbbe2ff2b3051fe83388f9609ccd43c2 [18ms]
2024-06-21 20:39:55.257 [info] > git show --textconv :nidas.dev/src/index.js [7ms]
2024-06-21 20:39:55.258 [info] > git ls-files --stage -- /home/leo/Projects/nidas.dev/nidas.dev/src/index.js [3ms]
2024-06-21 20:39:55.264 [info] > git cat-file -s e2b1a56d8a8482a3249d4e7a5c02662225428546 [2ms]
2024-06-21 20:39:56.641 [info] > git show --textconv :nidas.dev/src/themes/theme.js [15ms]
2024-06-21 20:39:56.644 [info] > git ls-files --stage -- /home/leo/Projects/nidas.dev/nidas.dev/src/themes/theme.js [5ms]
2024-06-21 20:39:56.660 [info] > git cat-file -s 0b1a4022bbbe2ff2b3051fe83388f9609ccd43c2 [5ms]
2024-06-21 20:50:55.196 [info] > git show --textconv :nidas.dev/src/index.js [8ms]
2024-06-21 20:50:55.197 [info] > git ls-files --stage -- /home/leo/Projects/nidas.dev/nidas.dev/src/index.js [2ms]
2024-06-21 20:50:55.208 [info] > git cat-file -s e2b1a56d8a8482a3249d4e7a5c02662225428546 [5ms]
2024-06-21 20:51:20.450 [info] > git check-ignore -v -z --stdin [4ms]
2024-06-21 20:51:21.833 [info] > git show --textconv :nidas.dev/public/index.html [5ms]
2024-06-21 20:51:21.835 [info] > git ls-files --stage -- /home/leo/Projects/nidas.dev/nidas.dev/public/index.html [3ms]
2024-06-21 20:51:21.839 [info] > git cat-file -s 0600b793227729367e423d5035d5119cb9a0b6c8 [1ms]
2024-06-21 20:51:42.834 [info] > git show --textconv :nidas.dev/src/themes/theme.js [14ms]
2024-06-21 20:51:42.836 [info] > git ls-files --stage -- /home/leo/Projects/nidas.dev/nidas.dev/src/themes/theme.js [4ms]
2024-06-21 20:51:42.854 [info] > git cat-file -s 0b1a4022bbbe2ff2b3051fe83388f9609ccd43c2 [7ms]
2024-06-21 20:51:48.944 [info] > git show --textconv :nidas.dev/public/manifest.json [3ms]
2024-06-21 20:51:48.944 [info] > git ls-files --stage -- /home/leo/Projects/nidas.dev/nidas.dev/public/manifest.json [1ms]
2024-06-21 20:51:48.948 [info] > git cat-file -s 080d6c77ac21bb2ef88a6992b2b73ad93daaca92 [1ms]
2024-06-21 20:51:49.682 [info] > git show --textconv :nidas.dev/public/robots.txt [17ms]
2024-06-21 20:51:49.685 [info] > git ls-files --stage -- /home/leo/Projects/nidas.dev/nidas.dev/public/robots.txt [5ms]
2024-06-21 20:51:49.703 [info] > git cat-file -s e9e57dc4d41b9b46e05112e9f45b7ea6ac0ba15e [5ms]
2024-06-21 20:51:51.109 [info] > git show --textconv :nidas.dev/public/manifest.json [15ms]
2024-06-21 20:51:51.112 [info] > git ls-files --stage -- /home/leo/Projects/nidas.dev/nidas.dev/public/manifest.json [4ms]
2024-06-21 20:51:51.123 [info] > git cat-file -s 080d6c77ac21bb2ef88a6992b2b73ad93daaca92 [3ms]
2024-06-21 20:51:54.329 [info] > git show --textconv :nidas.dev/public/index.html [10ms]
2024-06-21 20:51:54.330 [info] > git ls-files --stage -- /home/leo/Projects/nidas.dev/nidas.dev/public/index.html [2ms]
2024-06-21 20:51:54.340 [info] > git cat-file -s 0600b793227729367e423d5035d5119cb9a0b6c8 [3ms]
2024-06-21 20:51:58.092 [info] > git show --textconv :nidas.dev/public/manifest.json [15ms]
2024-06-21 20:51:58.094 [info] > git ls-files --stage -- /home/leo/Projects/nidas.dev/nidas.dev/public/manifest.json [4ms]
2024-06-21 20:51:58.105 [info] > git cat-file -s 080d6c77ac21bb2ef88a6992b2b73ad93daaca92 [2ms]
2024-06-21 20:52:06.470 [info] > git check-ignore -v -z --stdin [4ms]
2024-06-21 20:52:07.794 [info] > git check-ignore -v -z --stdin [4ms]
2024-06-21 20:52:11.731 [info] > git show --textconv :nidas.dev/src/index.js [14ms]
2024-06-21 20:52:11.734 [info] > git ls-files --stage -- /home/leo/Projects/nidas.dev/nidas.dev/src/index.js [4ms]
2024-06-21 20:52:11.750 [info] > git cat-file -s e2b1a56d8a8482a3249d4e7a5c02662225428546 [5ms]
2024-06-21 20:52:24.218 [info] > git check-ignore -v -z --stdin [5ms]
2024-06-21 20:53:20.612 [info] > git check-ignore -v -z --stdin [4ms]
2024-06-21 20:53:23.202 [info] > git check-ignore -v -z --stdin [5ms]
2024-06-21 20:53:26.066 [info] > git check-ignore -v -z --stdin [2ms]
2024-06-21 20:53:30.829 [info] > git check-ignore -v -z --stdin [9ms]
2024-06-21 20:54:15.727 [info] > git show --textconv :nidas.dev/src/themes/theme.js [7ms]
2024-06-21 20:54:15.727 [info] > git ls-files --stage -- /home/leo/Projects/nidas.dev/nidas.dev/src/themes/theme.js [2ms]
2024-06-21 20:54:15.733 [info] > git cat-file -s 0b1a4022bbbe2ff2b3051fe83388f9609ccd43c2 [2ms]
2024-06-21 22:15:27.558 [info] > git check-ignore -v -z --stdin [5ms]
2024-06-21 22:15:28.595 [info] > git check-ignore -v -z --stdin [5ms]
2024-06-21 22:15:30.046 [info] > git show --textconv :nidas.dev/src/pages/App.js [19ms]
2024-06-21 22:15:30.050 [info] > git ls-files --stage -- /home/leo/Projects/nidas.dev/nidas.dev/src/pages/App.js [6ms]
2024-06-21 22:15:30.062 [info] > git cat-file -s 37be721f5be423407cf4bb5b10472a3bdd2c9c30 [3ms]
2024-06-21 22:16:01.106 [info] > git show --textconv :nidas.dev/src/themes/theme.js [5ms]
2024-06-21 22:16:01.107 [info] > git ls-files --stage -- /home/leo/Projects/nidas.dev/nidas.dev/src/themes/theme.js [1ms]
2024-06-21 22:16:01.112 [info] > git cat-file -s 0b1a4022bbbe2ff2b3051fe83388f9609ccd43c2 [1ms]
2024-06-21 22:17:28.475 [info] > git show --textconv :nidas.dev/src/components/structure/footer.js [5ms]
2024-06-21 22:17:28.476 [info] > git ls-files --stage -- /home/leo/Projects/nidas.dev/nidas.dev/src/components/structure/footer.js [2ms]
2024-06-21 22:17:28.480 [info] > git cat-file -s 271fe1ed578d928f0461f4b87a555e04515a5f07 [1ms]
2024-06-21 22:18:08.424 [info] > git show --textconv :nidas.dev/src/components/structure/ColorModeSwitcher.js [4ms]
2024-06-21 22:18:08.424 [info] > git ls-files --stage -- /home/leo/Projects/nidas.dev/nidas.dev/src/components/structure/ColorModeSwitcher.js [1ms]
2024-06-21 22:18:08.428 [info] > git cat-file -s 700e859eff84c6fba3d2eb05598d9b06efd391e3 [1ms]
2024-06-21 22:23:04.488 [info] > git show --textconv :nidas.dev/src/themes/theme.js [13ms]
2024-06-21 22:23:04.489 [info] > git ls-files --stage -- /home/leo/Projects/nidas.dev/nidas.dev/src/themes/theme.js [2ms]
2024-06-21 22:23:04.498 [info] > git cat-file -s 0b1a4022bbbe2ff2b3051fe83388f9609ccd43c2 [2ms]
2024-06-21 22:25:12.289 [info] > git config --get commit.template [5ms]
2024-06-21 22:25:12.289 [info] > git for-each-ref --format=%(refname)%00%(upstream:short)%00%(objectname)%00%(upstream:track)%00%(upstream:remotename)%00%(upstream:remoteref) refs/heads/dev refs/remotes/dev [1ms]
2024-06-21 22:25:12.295 [info] > git status -z -uall [2ms]
2024-06-21 22:25:42.893 [info] > git config --get commit.template [6ms]
2024-06-21 22:25:42.894 [info] > git for-each-ref --format=%(refname)%00%(upstream:short)%00%(objectname)%00%(upstream:track)%00%(upstream:remotename)%00%(upstream:remoteref) refs/heads/dev refs/remotes/dev [2ms]
2024-06-21 22:25:42.901 [info] > git status -z -uall [2ms]
2024-06-21 22:26:25.744 [info] > git config --get commit.template [6ms]
2024-06-21 22:26:25.745 [info] > git for-each-ref --format=%(refname)%00%(upstream:short)%00%(objectname)%00%(upstream:track)%00%(upstream:remotename)%00%(upstream:remoteref) refs/heads/dev refs/remotes/dev [1ms]
2024-06-21 22:26:25.752 [info] > git status -z -uall [2ms]
2024-06-21 22:27:16.057 [info] > git show --textconv :nidas.dev/src/index.js [15ms]
2024-06-21 22:27:16.059 [info] > git ls-files --stage -- /home/leo/Projects/nidas.dev/nidas.dev/src/index.js [4ms]
2024-06-21 22:27:16.069 [info] > git cat-file -s e2b1a56d8a8482a3249d4e7a5c02662225428546 [3ms]
2024-06-21 22:28:04.564 [info] > git config --get commit.template [5ms]
2024-06-21 22:28:04.565 [info] > git for-each-ref --format=%(refname)%00%(upstream:short)%00%(objectname)%00%(upstream:track)%00%(upstream:remotename)%00%(upstream:remoteref) refs/heads/dev refs/remotes/dev [1ms]
2024-06-21 22:28:04.572 [info] > git status -z -uall [2ms]
2024-06-21 22:28:24.411 [info] > git config --get commit.template [6ms]
2024-06-21 22:28:24.412 [info] > git for-each-ref --format=%(refname)%00%(upstream:short)%00%(objectname)%00%(upstream:track)%00%(upstream:remotename)%00%(upstream:remoteref) refs/heads/dev refs/remotes/dev [1ms]
2024-06-21 22:28:24.419 [info] > git status -z -uall [2ms]
2024-06-21 22:28:26.359 [info] > git show --textconv :nidas.dev/src/components/structure/ColorModeSwitcher.js [6ms]
2024-06-21 22:28:26.360 [info] > git ls-files --stage -- /home/leo/Projects/nidas.dev/nidas.dev/src/components/structure/ColorModeSwitcher.js [2ms]
2024-06-21 22:28:26.366 [info] > git cat-file -s 700e859eff84c6fba3d2eb05598d9b06efd391e3 [2ms]
2024-06-21 22:28:29.141 [info] > git show --textconv :nidas.dev/src/themes/theme.js [7ms]
2024-06-21 22:28:29.142 [info] > git ls-files --stage -- /home/leo/Projects/nidas.dev/nidas.dev/src/themes/theme.js [2ms]
2024-06-21 22:28:29.149 [info] > git cat-file -s 0b1a4022bbbe2ff2b3051fe83388f9609ccd43c2 [2ms]
2024-06-21 22:28:29.555 [info] > git show --textconv :nidas.dev/src/index.js [18ms]
2024-06-21 22:28:29.559 [info] > git ls-files --stage -- /home/leo/Projects/nidas.dev/nidas.dev/src/index.js [4ms]
2024-06-21 22:28:29.569 [info] > git cat-file -s e2b1a56d8a8482a3249d4e7a5c02662225428546 [3ms]
2024-06-21 22:28:32.200 [info] > git show --textconv :nidas.dev/src/components/structure/ColorModeSwitcher.js [5ms]
2024-06-21 22:28:32.201 [info] > git ls-files --stage -- /home/leo/Projects/nidas.dev/nidas.dev/src/components/structure/ColorModeSwitcher.js [1ms]
2024-06-21 22:28:32.207 [info] > git cat-file -s 700e859eff84c6fba3d2eb05598d9b06efd391e3 [1ms]
2024-06-21 22:28:34.725 [info] > git show --textconv :nidas.dev/src/themes/theme.js [15ms]
2024-06-21 22:28:34.729 [info] > git ls-files --stage -- /home/leo/Projects/nidas.dev/nidas.dev/src/themes/theme.js [6ms]
2024-06-21 22:28:34.743 [info] > git cat-file -s 0b1a4022bbbe2ff2b3051fe83388f9609ccd43c2 [5ms]
2024-06-21 22:29:41.634 [info] > git show --textconv :nidas.dev/src/components/structure/ColorModeSwitcher.js [11ms]
2024-06-21 22:29:41.637 [info] > git ls-files --stage -- /home/leo/Projects/nidas.dev/nidas.dev/src/components/structure/ColorModeSwitcher.js [4ms]
2024-06-21 22:29:41.644 [info] > git cat-file -s 700e859eff84c6fba3d2eb05598d9b06efd391e3 [2ms]
2024-06-21 22:30:03.439 [info] > git show --textconv :nidas.dev/src/themes/theme.js [14ms]
2024-06-21 22:30:03.441 [info] > git ls-files --stage -- /home/leo/Projects/nidas.dev/nidas.dev/src/themes/theme.js [3ms]
2024-06-21 22:30:03.450 [info] > git cat-file -s 0b1a4022bbbe2ff2b3051fe83388f9609ccd43c2 [3ms]
2024-06-21 22:30:08.617 [info] > git show --textconv :nidas.dev/src/index.js [16ms]
2024-06-21 22:30:08.620 [info] > git ls-files --stage -- /home/leo/Projects/nidas.dev/nidas.dev/src/index.js [5ms]
2024-06-21 22:30:08.639 [info] > git cat-file -s e2b1a56d8a8482a3249d4e7a5c02662225428546 [5ms]
2024-06-21 22:30:17.621 [info] > git show --textconv :nidas.dev/src/components/structure/ColorModeSwitcher.js [16ms]
2024-06-21 22:30:17.625 [info] > git ls-files --stage -- /home/leo/Projects/nidas.dev/nidas.dev/src/components/structure/ColorModeSwitcher.js [6ms]
2024-06-21 22:30:17.638 [info] > git cat-file -s 700e859eff84c6fba3d2eb05598d9b06efd391e3 [5ms]
2024-06-21 22:37:06.113 [info] > git show --textconv :nidas.dev/src/components/structure/header.js [16ms]
2024-06-21 22:37:06.115 [info] > git ls-files --stage -- /home/leo/Projects/nidas.dev/nidas.dev/src/components/structure/header.js [4ms]
2024-06-21 22:37:06.125 [info] > git cat-file -s 2d795c8708360a46d76105e9ebc54037c37ffd30 [2ms]
2024-06-21 22:37:27.320 [info] > git show --textconv :nidas.dev/src/components/structure/ColorModeSwitcher.js [10ms]
2024-06-21 22:37:27.321 [info] > git ls-files --stage -- /home/leo/Projects/nidas.dev/nidas.dev/src/components/structure/ColorModeSwitcher.js [2ms]
2024-06-21 22:37:27.329 [info] > git cat-file -s 700e859eff84c6fba3d2eb05598d9b06efd391e3 [2ms]
2024-06-21 22:41:28.135 [info] > git show --textconv :nidas.dev/src/pages/construction.js [8ms]
2024-06-21 22:41:28.137 [info] > git ls-files --stage -- /home/leo/Projects/nidas.dev/nidas.dev/src/pages/construction.js [3ms]
2024-06-21 22:41:28.144 [info] > git cat-file -s 7ef35a34649d9a930e12fa10d1f9db20693945da [2ms]
2024-06-21 22:41:32.935 [info] > git show --textconv :nidas.dev/src/pages/App.js [11ms]
2024-06-21 22:41:32.937 [info] > git ls-files --stage -- /home/leo/Projects/nidas.dev/nidas.dev/src/pages/App.js [3ms]
2024-06-21 22:41:32.947 [info] > git cat-file -s 37be721f5be423407cf4bb5b10472a3bdd2c9c30 [3ms]
2024-06-21 22:43:06.600 [info] > git show --textconv :nidas.dev/src/components/structure/ColorModeSwitcher.js [15ms]
2024-06-21 22:43:06.603 [info] > git ls-files --stage -- /home/leo/Projects/nidas.dev/nidas.dev/src/components/structure/ColorModeSwitcher.js [4ms]
2024-06-21 22:43:06.618 [info] > git cat-file -s 700e859eff84c6fba3d2eb05598d9b06efd391e3 [5ms]
2024-06-21 22:44:15.121 [info] > git config --get commit.template [5ms]
2024-06-21 22:44:15.121 [info] > git for-each-ref --format=%(refname)%00%(upstream:short)%00%(objectname)%00%(upstream:track)%00%(upstream:remotename)%00%(upstream:remoteref) refs/heads/dev refs/remotes/dev [1ms]
2024-06-21 22:44:15.127 [info] > git status -z -uall [1ms]
2024-06-21 22:46:39.212 [info] > git config --get commit.template [9ms]
2024-06-21 22:46:39.213 [info] > git for-each-ref --format=%(refname)%00%(upstream:short)%00%(objectname)%00%(upstream:track)%00%(upstream:remotename)%00%(upstream:remoteref) refs/heads/dev refs/remotes/dev [2ms]
2024-06-21 22:46:39.221 [info] > git status -z -uall [3ms]
2024-06-21 22:46:40.724 [info] > git show --textconv :nidas.dev/src/themes/theme.js [15ms]
2024-06-21 22:46:40.726 [info] > git ls-files --stage -- /home/leo/Projects/nidas.dev/nidas.dev/src/themes/theme.js [3ms]
2024-06-21 22:46:40.737 [info] > git cat-file -s 0b1a4022bbbe2ff2b3051fe83388f9609ccd43c2 [3ms]
2024-06-22 12:11:56.838 [info] > git show --textconv :nidas.dev/src/index.js [16ms]
2024-06-22 12:11:56.840 [info] > git ls-files --stage -- /home/leo/Projects/nidas.dev/nidas.dev/src/index.js [3ms]
2024-06-22 12:11:56.848 [info] > git cat-file -s e2b1a56d8a8482a3249d4e7a5c02662225428546 [2ms]
2024-06-22 12:12:10.657 [info] > git show --textconv :nidas.dev/public/index.html [5ms]
2024-06-22 12:12:10.658 [info] > git ls-files --stage -- /home/leo/Projects/nidas.dev/nidas.dev/public/index.html [2ms]
2024-06-22 12:12:10.663 [info] > git cat-file -s 0600b793227729367e423d5035d5119cb9a0b6c8 [2ms]
2024-06-22 12:12:13.007 [info] > git show --textconv :nidas.dev/src/index.js [8ms]
2024-06-22 12:12:13.009 [info] > git ls-files --stage -- /home/leo/Projects/nidas.dev/nidas.dev/src/index.js [2ms]
2024-06-22 12:12:13.019 [info] > git cat-file -s e2b1a56d8a8482a3249d4e7a5c02662225428546 [3ms]
2024-06-22 12:12:57.592 [info] > git config --get commit.template [14ms]
2024-06-22 12:12:57.595 [info] > git for-each-ref --format=%(refname)%00%(upstream:short)%00%(objectname)%00%(upstream:track)%00%(upstream:remotename)%00%(upstream:remoteref) refs/heads/dev refs/remotes/dev [4ms]
2024-06-22 12:12:57.606 [info] > git status -z -uall [3ms]
2024-06-22 12:13:11.424 [info] > git config --get commit.template [10ms]
2024-06-22 12:13:11.425 [info] > git for-each-ref --format=%(refname)%00%(upstream:short)%00%(objectname)%00%(upstream:track)%00%(upstream:remotename)%00%(upstream:remoteref) refs/heads/dev refs/remotes/dev [2ms]
2024-06-22 12:13:11.433 [info] > git status -z -uall [2ms]
2024-06-22 12:16:12.003 [info] > git config --get commit.template [9ms]
2024-06-22 12:16:12.004 [info] > git for-each-ref --format=%(refname)%00%(upstream:short)%00%(objectname)%00%(upstream:track)%00%(upstream:remotename)%00%(upstream:remoteref) refs/heads/dev refs/remotes/dev [2ms]
2024-06-22 12:16:12.012 [info] > git status -z -uall [2ms]
2024-06-22 12:16:40.643 [info] > git show --textconv :nidas.dev/src/themes/theme.js [15ms]
2024-06-22 12:16:40.646 [info] > git ls-files --stage -- /home/leo/Projects/nidas.dev/nidas.dev/src/themes/theme.js [4ms]
2024-06-22 12:16:40.659 [info] > git cat-file -s 0b1a4022bbbe2ff2b3051fe83388f9609ccd43c2 [4ms]
2024-06-22 12:16:46.701 [info] > git show --textconv :nidas.dev/src/components/structure/footer.js [4ms]
2024-06-22 12:16:46.701 [info] > git ls-files --stage -- /home/leo/Projects/nidas.dev/nidas.dev/src/components/structure/footer.js [1ms]
2024-06-22 12:16:46.705 [info] > git cat-file -s 271fe1ed578d928f0461f4b87a555e04515a5f07 [1ms]
2024-06-22 12:16:52.390 [info] > git show --textconv :nidas.dev/src/components/structure/header.js [5ms]
2024-06-22 12:16:52.391 [info] > git ls-files --stage -- /home/leo/Projects/nidas.dev/nidas.dev/src/components/structure/header.js [1ms]
2024-06-22 12:16:52.396 [info] > git cat-file -s 2d795c8708360a46d76105e9ebc54037c37ffd30 [2ms]
2024-06-22 12:17:29.571 [info] > git config --get commit.template [7ms]
2024-06-22 12:17:29.572 [info] > git for-each-ref --format=%(refname)%00%(upstream:short)%00%(objectname)%00%(upstream:track)%00%(upstream:remotename)%00%(upstream:remoteref) refs/heads/dev refs/remotes/dev [2ms]
2024-06-22 12:17:29.579 [info] > git status -z -uall [2ms]
2024-06-22 12:17:33.048 [info] > git show --textconv :nidas.dev/src/themes/theme.js [9ms]
2024-06-22 12:17:33.049 [info] > git ls-files --stage -- /home/leo/Projects/nidas.dev/nidas.dev/src/themes/theme.js [2ms]
2024-06-22 12:17:33.059 [info] > git cat-file -s 0b1a4022bbbe2ff2b3051fe83388f9609ccd43c2 [2ms]
2024-06-22 12:17:43.536 [info] > git config --get commit.template [9ms]
2024-06-22 12:17:43.537 [info] > git for-each-ref --format=%(refname)%00%(upstream:short)%00%(objectname)%00%(upstream:track)%00%(upstream:remotename)%00%(upstream:remoteref) refs/heads/dev refs/remotes/dev [2ms]
2024-06-22 12:17:43.544 [info] > git status -z -uall [2ms]
2024-06-22 12:17:51.093 [info] > git show --textconv :nidas.dev/src/components/structure/ColorModeSwitcher.js [14ms]
2024-06-22 12:17:51.095 [info] > git ls-files --stage -- /home/leo/Projects/nidas.dev/nidas.dev/src/components/structure/ColorModeSwitcher.js [3ms]
2024-06-22 12:17:51.104 [info] > git cat-file -s 700e859eff84c6fba3d2eb05598d9b06efd391e3 [2ms]
2024-06-22 12:17:53.758 [info] > git show --textconv :nidas.dev/src/index.js [13ms]
2024-06-22 12:17:53.760 [info] > git ls-files --stage -- /home/leo/Projects/nidas.dev/nidas.dev/src/index.js [3ms]
2024-06-22 12:17:53.770 [info] > git cat-file -s e2b1a56d8a8482a3249d4e7a5c02662225428546 [3ms]
2024-06-22 12:18:03.717 [info] > git config --get commit.template [6ms]
2024-06-22 12:18:03.718 [info] > git for-each-ref --format=%(refname)%00%(upstream:short)%00%(objectname)%00%(upstream:track)%00%(upstream:remotename)%00%(upstream:remoteref) refs/heads/dev refs/remotes/dev [2ms]
2024-06-22 12:18:03.725 [info] > git status -z -uall [2ms]
2024-06-22 12:18:10.288 [info] > git show --textconv :nidas.dev/src/components/structure/ColorModeSwitcher.js [17ms]
2024-06-22 12:18:10.289 [info] > git ls-files --stage -- /home/leo/Projects/nidas.dev/nidas.dev/src/components/structure/ColorModeSwitcher.js [2ms]
2024-06-22 12:18:10.298 [info] > git cat-file -s 700e859eff84c6fba3d2eb05598d9b06efd391e3 [2ms]
2024-06-22 12:18:10.859 [info] > git show --textconv :nidas.dev/src/components/structure/header.js [18ms]
2024-06-22 12:18:10.862 [info] > git ls-files --stage -- /home/leo/Projects/nidas.dev/nidas.dev/src/components/structure/header.js [5ms]
2024-06-22 12:18:10.877 [info] > git cat-file -s 2d795c8708360a46d76105e9ebc54037c37ffd30 [4ms]
2024-06-22 12:18:35.165 [info] > git show --textconv :nidas.dev/src/components/layout/layout.js [3ms]
2024-06-22 12:18:35.165 [info] > git ls-files --stage -- /home/leo/Projects/nidas.dev/nidas.dev/src/components/layout/layout.js [1ms]
2024-06-22 12:18:35.169 [info] > git cat-file -s 82f35745b054155dc858a8cf971f70b1eee06d6f [1ms]
2024-06-22 12:19:17.431 [info] > git config --get commit.template [5ms]
2024-06-22 12:19:17.432 [info] > git for-each-ref --format=%(refname)%00%(upstream:short)%00%(objectname)%00%(upstream:track)%00%(upstream:remotename)%00%(upstream:remoteref) refs/heads/dev refs/remotes/dev [1ms]
2024-06-22 12:19:17.438 [info] > git status -z -uall [2ms]
2024-06-22 12:19:22.474 [info] > git config --get commit.template [16ms]
2024-06-22 12:19:22.477 [info] > git for-each-ref --format=%(refname)%00%(upstream:short)%00%(objectname)%00%(upstream:track)%00%(upstream:remotename)%00%(upstream:remoteref) refs/heads/dev refs/remotes/dev [5ms]
2024-06-22 12:19:22.499 [info] > git status -z -uall [7ms]
2024-06-22 12:19:47.107 [info] > git config --get commit.template [13ms]
2024-06-22 12:19:47.109 [info] > git for-each-ref --format=%(refname)%00%(upstream:short)%00%(objectname)%00%(upstream:track)%00%(upstream:remotename)%00%(upstream:remoteref) refs/heads/dev refs/remotes/dev [3ms]
2024-06-22 12:19:47.119 [info] > git status -z -uall [3ms]
2024-06-22 12:19:52.162 [info] > git config --get commit.template [6ms]
2024-06-22 12:19:52.163 [info] > git for-each-ref --format=%(refname)%00%(upstream:short)%00%(objectname)%00%(upstream:track)%00%(upstream:remotename)%00%(upstream:remoteref) refs/heads/dev refs/remotes/dev [2ms]
2024-06-22 12:19:52.170 [info] > git status -z -uall [2ms]
2024-06-22 12:20:02.762 [info] > git config --get commit.template [15ms]
2024-06-22 12:20:02.765 [info] > git for-each-ref --format=%(refname)%00%(upstream:short)%00%(objectname)%00%(upstream:track)%00%(upstream:remotename)%00%(upstream:remoteref) refs/heads/dev refs/remotes/dev [5ms]
2024-06-22 12:20:02.785 [info] > git status -z -uall [6ms]
2024-06-22 12:20:07.820 [info] > git config --get commit.template [16ms]
2024-06-22 12:20:07.824 [info] > git for-each-ref --format=%(refname)%00%(upstream:short)%00%(objectname)%00%(upstream:track)%00%(upstream:remotename)%00%(upstream:remoteref) refs/heads/dev refs/remotes/dev [6ms]
2024-06-22 12:20:07.845 [info] > git status -z -uall [8ms]
2024-06-22 12:20:22.812 [info] > git show --textconv :nidas.dev/src/pages/construction.js [4ms]
2024-06-22 12:20:22.813 [info] > git ls-files --stage -- /home/leo/Projects/nidas.dev/nidas.dev/src/pages/construction.js [1ms]
2024-06-22 12:20:22.817 [info] > git cat-file -s 7ef35a34649d9a930e12fa10d1f9db20693945da [1ms]
2024-06-22 12:20:30.705 [info] > git check-ignore -v -z --stdin [5ms]
2024-06-22 12:20:31.100 [info] > git show --textconv :nidas.dev/src/data/text/config.js [16ms]
2024-06-22 12:20:31.102 [info] > git ls-files --stage -- /home/leo/Projects/nidas.dev/nidas.dev/src/data/text/config.js [4ms]
2024-06-22 12:20:31.111 [info] > git cat-file -s 27a2613392473a20e73a4e040a477a1a08ca303e [2ms]
2024-06-22 12:20:34.881 [info] > git show --textconv :nidas.dev/src/data/text/ex.txt [10ms]
2024-06-22 12:20:34.883 [info] > git ls-files --stage -- /home/leo/Projects/nidas.dev/nidas.dev/src/data/text/ex.txt [4ms]
2024-06-22 12:20:34.896 [info] > git cat-file -s 3f755fee715e4884a453c92484a05ec1ca0d846f [4ms]
2024-06-22 12:20:39.194 [info] > git show --textconv :nidas.dev/src/pages/App.js [16ms]
2024-06-22 12:20:39.197 [info] > git ls-files --stage -- /home/leo/Projects/nidas.dev/nidas.dev/src/pages/App.js [5ms]
2024-06-22 12:20:39.214 [info] > git cat-file -s 37be721f5be423407cf4bb5b10472a3bdd2c9c30 [5ms]
2024-06-22 12:20:40.101 [info] > git show --textconv :nidas.dev/src/pages/construction.js [9ms]
2024-06-22 12:20:40.102 [info] > git ls-files --stage -- /home/leo/Projects/nidas.dev/nidas.dev/src/pages/construction.js [2ms]
2024-06-22 12:20:40.111 [info] > git cat-file -s 7ef35a34649d9a930e12fa10d1f9db20693945da [2ms]
2024-06-22 12:21:20.529 [info] > git show --textconv :nidas.dev/src/data/text/config.js [9ms]
2024-06-22 12:21:20.530 [info] > git ls-files --stage -- /home/leo/Projects/nidas.dev/nidas.dev/src/data/text/config.js [1ms]
2024-06-22 12:21:20.537 [info] > git cat-file -s 27a2613392473a20e73a4e040a477a1a08ca303e [2ms]
2024-06-22 12:21:27.765 [info] > git show --textconv :nidas.dev/src/pages/construction.js [17ms]
2024-06-22 12:21:27.767 [info] > git ls-files --stage -- /home/leo/Projects/nidas.dev/nidas.dev/src/pages/construction.js [5ms]
2024-06-22 12:21:27.780 [info] > git cat-file -s 7ef35a34649d9a930e12fa10d1f9db20693945da [3ms]
2024-06-22 12:22:31.046 [info] > git show --textconv :nidas.dev/src/components/structure/ColorModeSwitcher.js [16ms]
2024-06-22 12:22:31.047 [info] > git ls-files --stage -- /home/leo/Projects/nidas.dev/nidas.dev/src/components/structure/ColorModeSwitcher.js [3ms]
2024-06-22 12:22:31.057 [info] > git cat-file -s 700e859eff84c6fba3d2eb05598d9b06efd391e3 [2ms]
2024-06-22 12:22:53.335 [info] > git show --textconv :nidas.dev/src/components/structure/header.js [10ms]
2024-06-22 12:22:53.336 [info] > git ls-files --stage -- /home/leo/Projects/nidas.dev/nidas.dev/src/components/structure/header.js [3ms]
2024-06-22 12:22:53.346 [info] > git cat-file -s 2d795c8708360a46d76105e9ebc54037c37ffd30 [2ms]
2024-06-22 12:23:05.209 [info] > git config --get commit.template [9ms]
2024-06-22 12:23:05.210 [info] > git for-each-ref --format=%(refname)%00%(upstream:short)%00%(objectname)%00%(upstream:track)%00%(upstream:remotename)%00%(upstream:remoteref) refs/heads/dev refs/remotes/dev [2ms]
2024-06-22 12:23:05.219 [info] > git status -z -uall [2ms]
2024-06-22 12:23:08.234 [info] > git show --textconv :nidas.dev/src/index.js [8ms]
2024-06-22 12:23:08.235 [info] > git ls-files --stage -- /home/leo/Projects/nidas.dev/nidas.dev/src/index.js [2ms]
2024-06-22 12:23:08.241 [info] > git cat-file -s e2b1a56d8a8482a3249d4e7a5c02662225428546 [1ms]
2024-06-22 12:23:20.915 [info] > git config --get commit.template [4ms]
2024-06-22 12:23:20.916 [info] > git for-each-ref --format=%(refname)%00%(upstream:short)%00%(objectname)%00%(upstream:track)%00%(upstream:remotename)%00%(upstream:remoteref) refs/heads/dev refs/remotes/dev [1ms]
2024-06-22 12:23:20.922 [info] > git status -z -uall [2ms]
2024-06-22 12:23:46.215 [info] > git show --textconv :nidas.dev/src/pages/construction.js [8ms]
2024-06-22 12:23:46.216 [info] > git ls-files --stage -- /home/leo/Projects/nidas.dev/nidas.dev/src/pages/construction.js [2ms]
2024-06-22 12:23:46.225 [info] > git cat-file -s 7ef35a34649d9a930e12fa10d1f9db20693945da [2ms]
2024-06-22 12:23:49.713 [info] > git show --textconv :nidas.dev/src/index.js [16ms]
2024-06-22 12:23:49.717 [info] > git ls-files --stage -- /home/leo/Projects/nidas.dev/nidas.dev/src/index.js [6ms]
2024-06-22 12:23:49.732 [info] > git cat-file -s e2b1a56d8a8482a3249d4e7a5c02662225428546 [4ms]
2024-06-22 12:23:50.390 [info] > git show --textconv :nidas.dev/src/components/structure/ColorModeSwitcher.js [10ms]
2024-06-22 12:23:50.391 [info] > git ls-files --stage -- /home/leo/Projects/nidas.dev/nidas.dev/src/components/structure/ColorModeSwitcher.js [2ms]
2024-06-22 12:23:50.398 [info] > git cat-file -s 700e859eff84c6fba3d2eb05598d9b06efd391e3 [2ms]
2024-06-22 12:24:29.387 [info] > git show --textconv :nidas.dev/src/components/structure/drawer.js [7ms]
2024-06-22 12:24:29.388 [info] > git ls-files --stage -- /home/leo/Projects/nidas.dev/nidas.dev/src/components/structure/drawer.js [2ms]
2024-06-22 12:24:29.396 [info] > git cat-file -s 20b475be4074cfedecbf86e71d9b9001df7f6d00 [2ms]
2024-06-22 12:24:41.136 [info] > git show --textconv :nidas.dev/src/components/structure/footer.js [4ms]
2024-06-22 12:24:41.137 [info] > git ls-files --stage -- /home/leo/Projects/nidas.dev/nidas.dev/src/components/structure/footer.js [1ms]
2024-06-22 12:24:41.140 [info] > git cat-file -s 271fe1ed578d928f0461f4b87a555e04515a5f07 [1ms]
2024-06-22 12:24:45.463 [info] > git show --textconv :nidas.dev/src/components/structure/ColorModeSwitcher.js [16ms]
2024-06-22 12:24:45.470 [info] > git ls-files --stage -- /home/leo/Projects/nidas.dev/nidas.dev/src/components/structure/ColorModeSwitcher.js [9ms]
2024-06-22 12:24:45.483 [info] > git cat-file -s 700e859eff84c6fba3d2eb05598d9b06efd391e3 [4ms]
2024-06-22 12:25:31.915 [info] > git show --textconv :nidas.dev/src/themes/theme.js [6ms]
2024-06-22 12:25:31.916 [info] > git ls-files --stage -- /home/leo/Projects/nidas.dev/nidas.dev/src/themes/theme.js [2ms]
2024-06-22 12:25:31.922 [info] > git cat-file -s 0b1a4022bbbe2ff2b3051fe83388f9609ccd43c2 [2ms]
2024-06-22 12:30:23.234 [info] > git config --get commit.template [10ms]
2024-06-22 12:30:23.235 [info] > git for-each-ref --format=%(refname)%00%(upstream:short)%00%(objectname)%00%(upstream:track)%00%(upstream:remotename)%00%(upstream:remoteref) refs/heads/dev refs/remotes/dev [3ms]
2024-06-22 12:30:23.244 [info] > git status -z -uall [2ms]
2024-06-22 12:31:39.490 [info] > git show --textconv :nidas.dev/src/pages/construction.js [10ms]
2024-06-22 12:31:39.492 [info] > git ls-files --stage -- /home/leo/Projects/nidas.dev/nidas.dev/src/pages/construction.js [2ms]
2024-06-22 12:31:39.501 [info] > git cat-file -s 7ef35a34649d9a930e12fa10d1f9db20693945da [3ms]
2024-06-22 12:32:01.695 [info] > git show --textconv :nidas.dev/src/pages/App.js [15ms]
2024-06-22 12:32:01.697 [info] > git ls-files --stage -- /home/leo/Projects/nidas.dev/nidas.dev/src/pages/App.js [2ms]
2024-06-22 12:32:01.706 [info] > git cat-file -s 37be721f5be423407cf4bb5b10472a3bdd2c9c30 [2ms]
2024-06-22 12:33:06.776 [info] > git show --textconv :nidas.dev/src/themes/theme.js [11ms]
2024-06-22 12:33:06.781 [info] > git ls-files --stage -- /home/leo/Projects/nidas.dev/nidas.dev/src/themes/theme.js [6ms]
2024-06-22 12:33:06.793 [info] > git cat-file -s 0b1a4022bbbe2ff2b3051fe83388f9609ccd43c2 [3ms]
2024-06-22 12:33:12.169 [info] > git show --textconv :nidas.dev/src/pages/App.js [7ms]
2024-06-22 12:33:12.170 [info] > git ls-files --stage -- /home/leo/Projects/nidas.dev/nidas.dev/src/pages/App.js [2ms]
2024-06-22 12:33:12.178 [info] > git cat-file -s 37be721f5be423407cf4bb5b10472a3bdd2c9c30 [2ms]
2024-06-22 12:34:39.472 [info] > git show --textconv :nidas.dev/src/themes/theme.js [11ms]
2024-06-22 12:34:39.477 [info] > git ls-files --stage -- /home/leo/Projects/nidas.dev/nidas.dev/src/themes/theme.js [6ms]
2024-06-22 12:34:39.489 [info] > git cat-file -s 0b1a4022bbbe2ff2b3051fe83388f9609ccd43c2 [3ms]
2024-06-22 12:36:55.759 [info] > git config --get commit.template [4ms]
2024-06-22 12:36:55.777 [info] > git for-each-ref --format=%(refname)%00%(upstream:short)%00%(objectname)%00%(upstream:track)%00%(upstream:remotename)%00%(upstream:remoteref) refs/heads/dev refs/remotes/dev [5ms]
2024-06-22 12:36:55.798 [info] > git status -z -uall [6ms]
2024-06-22 12:37:31.818 [info] > git show --textconv :nidas.dev/src/pages/App.js [17ms]
2024-06-22 12:37:31.821 [info] > git ls-files --stage -- /home/leo/Projects/nidas.dev/nidas.dev/src/pages/App.js [4ms]
2024-06-22 12:37:31.833 [info] > git cat-file -s 37be721f5be423407cf4bb5b10472a3bdd2c9c30 [4ms]
2024-06-22 12:37:51.631 [info] > git show --textconv :nidas.dev/src/themes/theme.js [9ms]
2024-06-22 12:37:51.632 [info] > git ls-files --stage -- /home/leo/Projects/nidas.dev/nidas.dev/src/themes/theme.js [2ms]
2024-06-22 12:37:51.639 [info] > git cat-file -s 0b1a4022bbbe2ff2b3051fe83388f9609ccd43c2 [1ms]
2024-06-22 12:38:00.353 [info] > git config --get commit.template [18ms]
2024-06-22 12:38:00.356 [info] > git for-each-ref --format=%(refname)%00%(upstream:short)%00%(objectname)%00%(upstream:track)%00%(upstream:remotename)%00%(upstream:remoteref) refs/heads/dev refs/remotes/dev [6ms]
2024-06-22 12:38:00.377 [info] > git status -z -uall [7ms]
2024-06-22 12:38:05.647 [info] > git config --get commit.template [15ms]
2024-06-22 12:38:05.650 [info] > git for-each-ref --format=%(refname)%00%(upstream:short)%00%(objectname)%00%(upstream:track)%00%(upstream:remotename)%00%(upstream:remoteref) refs/heads/dev refs/remotes/dev [5ms]
2024-06-22 12:38:05.672 [info] > git status -z -uall [8ms]
2024-06-22 12:38:10.682 [info] > git config --get commit.template [4ms]
2024-06-22 12:38:10.683 [info] > git for-each-ref --format=%(refname)%00%(upstream:short)%00%(objectname)%00%(upstream:track)%00%(upstream:remotename)%00%(upstream:remoteref) refs/heads/dev refs/remotes/dev [1ms]
2024-06-22 12:38:10.688 [info] > git status -z -uall [1ms]
2024-06-22 12:38:19.956 [info] > git config --get commit.template [10ms]
2024-06-22 12:38:19.958 [info] > git for-each-ref --format=%(refname)%00%(upstream:short)%00%(objectname)%00%(upstream:track)%00%(upstream:remotename)%00%(upstream:remoteref) refs/heads/dev refs/remotes/dev [3ms]
2024-06-22 12:38:19.968 [info] > git status -z -uall [3ms]
2024-06-22 12:38:21.509 [info] > git show --textconv :nidas.dev/src/components/layout/layout.js [15ms]
2024-06-22 12:38:21.510 [info] > git ls-files --stage -- /home/leo/Projects/nidas.dev/nidas.dev/src/components/layout/layout.js [3ms]
2024-06-22 12:38:21.520 [info] > git cat-file -s 82f35745b054155dc858a8cf971f70b1eee06d6f [3ms]
2024-06-22 12:38:22.104 [info] > git show --textconv :nidas.dev/src/index.js [8ms]
2024-06-22 12:38:22.106 [info] > git ls-files --stage -- /home/leo/Projects/nidas.dev/nidas.dev/src/index.js [2ms]
2024-06-22 12:38:22.113 [info] > git cat-file -s e2b1a56d8a8482a3249d4e7a5c02662225428546 [2ms]
2024-06-22 12:38:35.830 [info] > git config --get commit.template [9ms]
2024-06-22 12:38:35.831 [info] > git for-each-ref --format=%(refname)%00%(upstream:short)%00%(objectname)%00%(upstream:track)%00%(upstream:remotename)%00%(upstream:remoteref) refs/heads/dev refs/remotes/dev [2ms]
2024-06-22 12:38:35.839 [info] > git status -z -uall [2ms]
2024-06-22 12:38:36.688 [info] > git show --textconv :nidas.dev/src/themes/theme.js [16ms]
2024-06-22 12:38:36.690 [info] > git ls-files --stage -- /home/leo/Projects/nidas.dev/nidas.dev/src/themes/theme.js [3ms]
2024-06-22 12:38:36.700 [info] > git cat-file -s 0b1a4022bbbe2ff2b3051fe83388f9609ccd43c2 [2ms]
2024-06-22 12:38:52.447 [info] > git config --get commit.template [17ms]
2024-06-22 12:38:52.451 [info] > git for-each-ref --format=%(refname)%00%(upstream:short)%00%(objectname)%00%(upstream:track)%00%(upstream:remotename)%00%(upstream:remoteref) refs/heads/dev refs/remotes/dev [4ms]
2024-06-22 12:38:52.468 [info] > git status -z -uall [5ms]
2024-06-22 12:43:47.062 [info] > git show --textconv :nidas.dev/src/components/structure/ColorModeSwitcher.js [16ms]
2024-06-22 12:43:47.064 [info] > git ls-files --stage -- /home/leo/Projects/nidas.dev/nidas.dev/src/components/structure/ColorModeSwitcher.js [4ms]
2024-06-22 12:43:47.077 [info] > git cat-file -s 700e859eff84c6fba3d2eb05598d9b06efd391e3 [3ms]
2024-06-22 12:46:08.371 [info] > git show --textconv :nidas.dev/src/pages/App.js [14ms]
2024-06-22 12:46:08.372 [info] > git ls-files --stage -- /home/leo/Projects/nidas.dev/nidas.dev/src/pages/App.js [3ms]
2024-06-22 12:46:08.381 [info] > git cat-file -s 37be721f5be423407cf4bb5b10472a3bdd2c9c30 [2ms]
2024-06-22 12:46:24.684 [info] > git show --textconv :nidas.dev/src/index.js [16ms]
2024-06-22 12:46:24.687 [info] > git ls-files --stage -- /home/leo/Projects/nidas.dev/nidas.dev/src/index.js [4ms]
2024-06-22 12:46:24.699 [info] > git cat-file -s e2b1a56d8a8482a3249d4e7a5c02662225428546 [2ms]
2024-06-22 12:47:40.329 [info] > git config --get commit.template [6ms]
2024-06-22 12:47:40.330 [info] > git for-each-ref --format=%(refname)%00%(upstream:short)%00%(objectname)%00%(upstream:track)%00%(upstream:remotename)%00%(upstream:remoteref) refs/heads/dev refs/remotes/dev [1ms]
2024-06-22 12:47:40.336 [info] > git status -z -uall [1ms]
2024-06-22 12:47:50.124 [info] > git show --textconv :nidas.dev/src/pages/App.js [15ms]
2024-06-22 12:47:50.130 [info] > git ls-files --stage -- /home/leo/Projects/nidas.dev/nidas.dev/src/pages/App.js [6ms]
2024-06-22 12:47:50.141 [info] > git cat-file -s 37be721f5be423407cf4bb5b10472a3bdd2c9c30 [2ms]
2024-06-22 12:48:13.648 [info] > git config --get commit.template [15ms]
2024-06-22 12:48:13.651 [info] > git for-each-ref --format=%(refname)%00%(upstream:short)%00%(objectname)%00%(upstream:track)%00%(upstream:remotename)%00%(upstream:remoteref) refs/heads/dev refs/remotes/dev [4ms]
2024-06-22 12:48:13.672 [info] > git status -z -uall [7ms]
2024-06-22 12:48:18.707 [info] > git config --get commit.template [16ms]
2024-06-22 12:48:18.711 [info] > git for-each-ref --format=%(refname)%00%(upstream:short)%00%(objectname)%00%(upstream:track)%00%(upstream:remotename)%00%(upstream:remoteref) refs/heads/dev refs/remotes/dev [6ms]
2024-06-22 12:48:18.732 [info] > git status -z -uall [6ms]
2024-06-22 12:48:23.768 [info] > git config --get commit.template [15ms]
2024-06-22 12:48:23.772 [info] > git for-each-ref --format=%(refname)%00%(upstream:short)%00%(objectname)%00%(upstream:track)%00%(upstream:remotename)%00%(upstream:remoteref) refs/heads/dev refs/remotes/dev [5ms]
2024-06-22 12:48:23.792 [info] > git status -z -uall [7ms]
2024-06-22 12:48:32.583 [info] > git config --get commit.template [14ms]
2024-06-22 12:48:32.586 [info] > git for-each-ref --format=%(refname)%00%(upstream:short)%00%(objectname)%00%(upstream:track)%00%(upstream:remotename)%00%(upstream:remoteref) refs/heads/dev refs/remotes/dev [5ms]
2024-06-22 12:48:32.606 [info] > git status -z -uall [7ms]
2024-06-22 12:49:04.555 [info] > git config --get commit.template [16ms]
2024-06-22 12:49:04.558 [info] > git for-each-ref --format=%(refname)%00%(upstream:short)%00%(objectname)%00%(upstream:track)%00%(upstream:remotename)%00%(upstream:remoteref) refs/heads/dev refs/remotes/dev [5ms]
2024-06-22 12:49:04.579 [info] > git status -z -uall [7ms]
2024-06-22 12:49:08.175 [info] > git show --textconv :nidas.dev/src/themes/theme.js [18ms]
2024-06-22 12:49:08.178 [info] > git ls-files --stage -- /home/leo/Projects/nidas.dev/nidas.dev/src/themes/theme.js [6ms]
2024-06-22 12:49:08.188 [info] > git cat-file -s 0b1a4022bbbe2ff2b3051fe83388f9609ccd43c2 [3ms]
2024-06-22 12:49:36.099 [info] > git config --get commit.template [16ms]
2024-06-22 12:49:36.102 [info] > git for-each-ref --format=%(refname)%00%(upstream:short)%00%(objectname)%00%(upstream:track)%00%(upstream:remotename)%00%(upstream:remoteref) refs/heads/dev refs/remotes/dev [5ms]
2024-06-22 12:49:36.119 [info] > git status -z -uall [5ms]
2024-06-22 12:52:34.473 [info] > git config --get commit.template [17ms]
2024-06-22 12:52:34.475 [info] > git for-each-ref --format=%(refname)%00%(upstream:short)%00%(objectname)%00%(upstream:track)%00%(upstream:remotename)%00%(upstream:remoteref) refs/heads/dev refs/remotes/dev [5ms]
2024-06-22 12:52:34.497 [info] > git status -z -uall [7ms]
2024-06-22 12:52:35.392 [info] > git show --textconv :nidas.dev/src/pages/App.js [6ms]
2024-06-22 12:52:35.393 [info] > git ls-files --stage -- /home/leo/Projects/nidas.dev/nidas.dev/src/pages/App.js [1ms]
2024-06-22 12:52:35.399 [info] > git cat-file -s 37be721f5be423407cf4bb5b10472a3bdd2c9c30 [1ms]
2024-06-22 12:52:48.648 [info] > git config --get commit.template [18ms]
2024-06-22 12:52:48.651 [info] > git for-each-ref --format=%(refname)%00%(upstream:short)%00%(objectname)%00%(upstream:track)%00%(upstream:remotename)%00%(upstream:remoteref) refs/heads/dev refs/remotes/dev [5ms]
2024-06-22 12:52:48.671 [info] > git status -z -uall [6ms]
2024-06-22 12:53:10.809 [info] > git show --textconv :nidas.dev/src/components/structure/header.js [21ms]
2024-06-22 12:53:10.811 [info] > git ls-files --stage -- /home/leo/Projects/nidas.dev/nidas.dev/src/components/structure/header.js [3ms]
2024-06-22 12:53:10.823 [info] > git cat-file -s 2d795c8708360a46d76105e9ebc54037c37ffd30 [4ms]
2024-06-22 12:53:12.632 [info] > git show --textconv :nidas.dev/src/pages/App.js [15ms]
2024-06-22 12:53:12.636 [info] > git ls-files --stage -- /home/leo/Projects/nidas.dev/nidas.dev/src/pages/App.js [4ms]
2024-06-22 12:53:12.645 [info] > git cat-file -s 37be721f5be423407cf4bb5b10472a3bdd2c9c30 [3ms]
2024-06-22 12:54:09.987 [info] > git show --textconv :nidas.dev/src/index.js [5ms]
2024-06-22 12:54:09.988 [info] > git ls-files --stage -- /home/leo/Projects/nidas.dev/nidas.dev/src/index.js [1ms]
2024-06-22 12:54:09.993 [info] > git cat-file -s e2b1a56d8a8482a3249d4e7a5c02662225428546 [1ms]
2024-06-22 12:54:17.330 [info] > git show --textconv :nidas.dev/src/themes/theme.js [10ms]
2024-06-22 12:54:17.332 [info] > git ls-files --stage -- /home/leo/Projects/nidas.dev/nidas.dev/src/themes/theme.js [3ms]
2024-06-22 12:54:17.346 [info] > git cat-file -s 0b1a4022bbbe2ff2b3051fe83388f9609ccd43c2 [4ms]
2024-06-22 12:54:20.409 [info] > git show --textconv :nidas.dev/public/index.html [17ms]
2024-06-22 12:54:20.413 [info] > git ls-files --stage -- /home/leo/Projects/nidas.dev/nidas.dev/public/index.html [5ms]
2024-06-22 12:54:20.429 [info] > git cat-file -s 0600b793227729367e423d5035d5119cb9a0b6c8 [3ms]
2024-06-22 12:54:25.030 [info] > git show --textconv :nidas.dev/src/themes/theme.js [19ms]
2024-06-22 12:54:25.033 [info] > git ls-files --stage -- /home/leo/Projects/nidas.dev/nidas.dev/src/themes/theme.js [5ms]
2024-06-22 12:54:25.043 [info] > git cat-file -s 0b1a4022bbbe2ff2b3051fe83388f9609ccd43c2 [2ms]
2024-06-22 12:54:25.753 [info] > git show --textconv :nidas.dev/src/pages/App.js [9ms]
2024-06-22 12:54:25.754 [info] > git ls-files --stage -- /home/leo/Projects/nidas.dev/nidas.dev/src/pages/App.js [2ms]
2024-06-22 12:54:25.761 [info] > git cat-file -s 37be721f5be423407cf4bb5b10472a3bdd2c9c30 [2ms]
2024-06-22 12:54:31.192 [info] > git show --textconv :nidas.dev/src/themes/theme.js [14ms]
2024-06-22 12:54:31.194 [info] > git ls-files --stage -- /home/leo/Projects/nidas.dev/nidas.dev/src/themes/theme.js [3ms]
2024-06-22 12:54:31.202 [info] > git cat-file -s 0b1a4022bbbe2ff2b3051fe83388f9609ccd43c2 [2ms]
2024-06-22 12:55:26.970 [info] > git config --get commit.template [8ms]
2024-06-22 12:55:26.970 [info] > git for-each-ref --format=%(refname)%00%(upstream:short)%00%(objectname)%00%(upstream:track)%00%(upstream:remotename)%00%(upstream:remoteref) refs/heads/dev refs/remotes/dev [2ms]
2024-06-22 12:55:26.979 [info] > git status -z -uall [3ms]
2024-06-22 12:56:30.689 [info] > git config --get commit.template [6ms]
2024-06-22 12:56:30.690 [info] > git for-each-ref --format=%(refname)%00%(upstream:short)%00%(objectname)%00%(upstream:track)%00%(upstream:remotename)%00%(upstream:remoteref) refs/heads/dev refs/remotes/dev [1ms]
2024-06-22 12:56:30.696 [info] > git status -z -uall [2ms]
2024-06-22 12:56:35.724 [info] > git config --get commit.template [10ms]
2024-06-22 12:56:35.726 [info] > git for-each-ref --format=%(refname)%00%(upstream:short)%00%(objectname)%00%(upstream:track)%00%(upstream:remotename)%00%(upstream:remoteref) refs/heads/dev refs/remotes/dev [3ms]
2024-06-22 12:56:35.736 [info] > git status -z -uall [3ms]
2024-06-22 12:56:50.154 [info] > git config --get commit.template [9ms]
2024-06-22 12:56:50.155 [info] > git for-each-ref --format=%(refname)%00%(upstream:short)%00%(objectname)%00%(upstream:track)%00%(upstream:remotename)%00%(upstream:remoteref) refs/heads/dev refs/remotes/dev [2ms]
2024-06-22 12:56:50.164 [info] > git status -z -uall [2ms]
2024-06-22 12:56:52.438 [info] > git show --textconv :nidas.dev/src/components/structure/ColorModeSwitcher.js [16ms]
2024-06-22 12:56:52.440 [info] > git ls-files --stage -- /home/leo/Projects/nidas.dev/nidas.dev/src/components/structure/ColorModeSwitcher.js [4ms]
2024-06-22 12:56:52.450 [info] > git cat-file -s 700e859eff84c6fba3d2eb05598d9b06efd391e3 [3ms]
2024-06-22 12:56:55.270 [info] > git show --textconv :nidas.dev/src/components/structure/header.js [19ms]
2024-06-22 12:56:55.271 [info] > git ls-files --stage -- /home/leo/Projects/nidas.dev/nidas.dev/src/components/structure/header.js [4ms]
2024-06-22 12:56:55.281 [info] > git cat-file -s 2d795c8708360a46d76105e9ebc54037c37ffd30 [3ms]
2024-06-22 12:57:03.049 [info] > git config --get commit.template [6ms]
2024-06-22 12:57:03.050 [info] > git for-each-ref --format=%(refname)%00%(upstream:short)%00%(objectname)%00%(upstream:track)%00%(upstream:remotename)%00%(upstream:remoteref) refs/heads/dev refs/remotes/dev [2ms]
2024-06-22 12:57:03.060 [info] > git status -z -uall [0ms]
2024-06-22 12:57:04.734 [info] > git show --textconv :nidas.dev/src/pages/App.js [15ms]
2024-06-22 12:57:04.736 [info] > git ls-files --stage -- /home/leo/Projects/nidas.dev/nidas.dev/src/pages/App.js [3ms]
2024-06-22 12:57:04.749 [info] > git cat-file -s 37be721f5be423407cf4bb5b10472a3bdd2c9c30 [3ms]
2024-06-22 12:57:08.541 [info] > git show --textconv :nidas.dev/src/themes/theme.js [6ms]
2024-06-22 12:57:08.542 [info] > git ls-files --stage -- /home/leo/Projects/nidas.dev/nidas.dev/src/themes/theme.js [1ms]
2024-06-22 12:57:08.549 [info] > git cat-file -s 0b1a4022bbbe2ff2b3051fe83388f9609ccd43c2 [2ms]
2024-06-22 12:57:17.008 [info] > git config --get commit.template [6ms]
2024-06-22 12:57:17.009 [info] > git for-each-ref --format=%(refname)%00%(upstream:short)%00%(objectname)%00%(upstream:track)%00%(upstream:remotename)%00%(upstream:remoteref) refs/heads/dev refs/remotes/dev [1ms]
2024-06-22 12:57:17.016 [info] > git status -z -uall [2ms]
2024-06-22 12:57:39.661 [info] > git show --textconv :nidas.dev/src/components/structure/ColorModeSwitcher.js [17ms]
2024-06-22 12:57:39.663 [info] > git ls-files --stage -- /home/leo/Projects/nidas.dev/nidas.dev/src/components/structure/ColorModeSwitcher.js [4ms]
2024-06-22 12:57:39.674 [info] > git cat-file -s 700e859eff84c6fba3d2eb05598d9b06efd391e3 [2ms]
2024-06-22 12:57:46.167 [info] > git show --textconv :nidas.dev/src/components/layout/layout.js [10ms]
2024-06-22 12:57:46.169 [info] > git ls-files --stage -- /home/leo/Projects/nidas.dev/nidas.dev/src/components/layout/layout.js [2ms]
2024-06-22 12:57:46.178 [info] > git cat-file -s 82f35745b054155dc858a8cf971f70b1eee06d6f [2ms]
2024-06-22 12:57:56.663 [info] > git show --textconv :nidas.dev/src/components/structure/ColorModeSwitcher.js [13ms]
2024-06-22 12:57:56.665 [info] > git ls-files --stage -- /home/leo/Projects/nidas.dev/nidas.dev/src/components/structure/ColorModeSwitcher.js [3ms]
2024-06-22 12:57:56.673 [info] > git cat-file -s 700e859eff84c6fba3d2eb05598d9b06efd391e3 [2ms]
2024-06-22 12:58:02.694 [info] > git show --textconv :nidas.dev/src/pages/App.js [8ms]
2024-06-22 12:58:02.694 [info] > git ls-files --stage -- /home/leo/Projects/nidas.dev/nidas.dev/src/pages/App.js [1ms]
2024-06-22 12:58:02.702 [info] > git cat-file -s 37be721f5be423407cf4bb5b10472a3bdd2c9c30 [2ms]
2024-06-22 12:58:11.538 [info] > git show --textconv :nidas.dev/src/components/layout/layout.js [8ms]
2024-06-22 12:58:11.539 [info] > git ls-files --stage -- /home/leo/Projects/nidas.dev/nidas.dev/src/components/layout/layout.js [2ms]
2024-06-22 12:58:11.546 [info] > git cat-file -s 82f35745b054155dc858a8cf971f70b1eee06d6f [2ms]
2024-06-22 12:58:26.143 [info] > git show --textconv :nidas.dev/src/pages/App.js [14ms]
2024-06-22 12:58:26.145 [info] > git ls-files --stage -- /home/leo/Projects/nidas.dev/nidas.dev/src/pages/App.js [3ms]
2024-06-22 12:58:26.153 [info] > git cat-file -s 37be721f5be423407cf4bb5b10472a3bdd2c9c30 [2ms]
2024-06-22 12:58:39.040 [info] > git show --textconv :nidas.dev/src/components/structure/header.js [18ms]
2024-06-22 12:58:39.042 [info] > git ls-files --stage -- /home/leo/Projects/nidas.dev/nidas.dev/src/components/structure/header.js [3ms]
2024-06-22 12:58:39.054 [info] > git cat-file -s 2d795c8708360a46d76105e9ebc54037c37ffd30 [3ms]
2024-06-22 12:58:50.456 [info] > git show --textconv :nidas.dev/src/pages/App.js [16ms]
2024-06-22 12:58:50.459 [info] > git ls-files --stage -- /home/leo/Projects/nidas.dev/nidas.dev/src/pages/App.js [4ms]
2024-06-22 12:58:50.471 [info] > git cat-file -s 37be721f5be423407cf4bb5b10472a3bdd2c9c30 [4ms]
2024-06-22 12:59:34.719 [info] > git show --textconv :nidas.dev/src/index.js [14ms]
2024-06-22 12:59:34.721 [info] > git ls-files --stage -- /home/leo/Projects/nidas.dev/nidas.dev/src/index.js [3ms]
2024-06-22 12:59:34.729 [info] > git cat-file -s e2b1a56d8a8482a3249d4e7a5c02662225428546 [2ms]
2024-06-22 13:00:18.037 [info] > git config --get commit.template [15ms]
2024-06-22 13:00:18.041 [info] > git for-each-ref --format=%(refname)%00%(upstream:short)%00%(objectname)%00%(upstream:track)%00%(upstream:remotename)%00%(upstream:remoteref) refs/heads/dev refs/remotes/dev [6ms]
2024-06-22 13:00:18.063 [info] > git status -z -uall [8ms]
2024-06-22 13:00:20.989 [info] > git show --textconv :nidas.dev/src/pages/App.js [17ms]
2024-06-22 13:00:20.990 [info] > git ls-files --stage -- /home/leo/Projects/nidas.dev/nidas.dev/src/pages/App.js [3ms]
2024-06-22 13:00:21.000 [info] > git cat-file -s 37be721f5be423407cf4bb5b10472a3bdd2c9c30 [3ms]
2024-06-22 13:00:23.556 [info] > git show --textconv :nidas.dev/src/themes/theme.js [5ms]
2024-06-22 13:00:23.556 [info] > git ls-files --stage -- /home/leo/Projects/nidas.dev/nidas.dev/src/themes/theme.js [1ms]
2024-06-22 13:00:23.561 [info] > git cat-file -s 0b1a4022bbbe2ff2b3051fe83388f9609ccd43c2 [1ms]
2024-06-22 13:00:35.869 [info] > git config --get commit.template [5ms]
2024-06-22 13:00:35.869 [info] > git for-each-ref --format=%(refname)%00%(upstream:short)%00%(objectname)%00%(upstream:track)%00%(upstream:remotename)%00%(upstream:remoteref) refs/heads/dev refs/remotes/dev [1ms]
2024-06-22 13:00:35.875 [info] > git status -z -uall [1ms]
2024-06-22 13:00:40.909 [info] > git config --get commit.template [16ms]
2024-06-22 13:00:40.912 [info] > git for-each-ref --format=%(refname)%00%(upstream:short)%00%(objectname)%00%(upstream:track)%00%(upstream:remotename)%00%(upstream:remoteref) refs/heads/dev refs/remotes/dev [4ms]
2024-06-22 13:00:40.926 [info] > git status -z -uall [3ms]
2024-06-22 13:00:48.986 [info] > git config --get commit.template [8ms]
2024-06-22 13:00:48.987 [info] > git for-each-ref --format=%(refname)%00%(upstream:short)%00%(objectname)%00%(upstream:track)%00%(upstream:remotename)%00%(upstream:remoteref) refs/heads/dev refs/remotes/dev [2ms]
2024-06-22 13:00:48.995 [info] > git status -z -uall [2ms]
2024-06-22 13:01:02.766 [info] > git config --get commit.template [7ms]
2024-06-22 13:01:02.768 [info] > git for-each-ref --format=%(refname)%00%(upstream:short)%00%(objectname)%00%(upstream:track)%00%(upstream:remotename)%00%(upstream:remoteref) refs/heads/dev refs/remotes/dev [3ms]
2024-06-22 13:01:02.777 [info] > git status -z -uall [2ms]
2024-06-22 13:01:14.171 [info] > git config --get commit.template [16ms]
2024-06-22 13:01:14.174 [info] > git for-each-ref --format=%(refname)%00%(upstream:short)%00%(objectname)%00%(upstream:track)%00%(upstream:remotename)%00%(upstream:remoteref) refs/heads/dev refs/remotes/dev [5ms]
2024-06-22 13:01:14.189 [info] > git status -z -uall [4ms]
2024-06-22 13:01:28.951 [info] > git config --get commit.template [1ms]
2024-06-22 13:01:28.960 [info] > git for-each-ref --format=%(refname)%00%(upstream:short)%00%(objectname)%00%(upstream:track)%00%(upstream:remotename)%00%(upstream:remoteref) refs/heads/dev refs/remotes/dev [2ms]
2024-06-22 13:01:28.967 [info] > git status -z -uall [2ms]
2024-06-22 13:01:37.704 [info] > git config --get commit.template [7ms]
2024-06-22 13:01:37.705 [info] > git for-each-ref --format=%(refname)%00%(upstream:short)%00%(objectname)%00%(upstream:track)%00%(upstream:remotename)%00%(upstream:remoteref) refs/heads/dev refs/remotes/dev [2ms]
2024-06-22 13:01:37.712 [info] > git status -z -uall [2ms]
2024-06-22 13:01:45.374 [info] > git config --get commit.template [16ms]
2024-06-22 13:01:45.377 [info] > git for-each-ref --format=%(refname)%00%(upstream:short)%00%(objectname)%00%(upstream:track)%00%(upstream:remotename)%00%(upstream:remoteref) refs/heads/dev refs/remotes/dev [5ms]
2024-06-22 13:01:45.397 [info] > git status -z -uall [6ms]
2024-06-22 13:01:54.151 [info] > git show --textconv :nidas.dev/src/pages/App.js [11ms]
2024-06-22 13:01:54.152 [info] > git ls-files --stage -- /home/leo/Projects/nidas.dev/nidas.dev/src/pages/App.js [2ms]
2024-06-22 13:01:54.159 [info] > git cat-file -s 37be721f5be423407cf4bb5b10472a3bdd2c9c30 [1ms]
2024-06-22 13:01:56.917 [info] > git show --textconv :nidas.dev/src/index.js [7ms]
2024-06-22 13:01:56.919 [info] > git ls-files --stage -- /home/leo/Projects/nidas.dev/nidas.dev/src/index.js [2ms]
2024-06-22 13:01:56.925 [info] > git cat-file -s e2b1a56d8a8482a3249d4e7a5c02662225428546 [2ms]
2024-06-22 13:02:29.115 [info] > git config --get commit.template [8ms]
2024-06-22 13:02:29.116 [info] > git for-each-ref --format=%(refname)%00%(upstream:short)%00%(objectname)%00%(upstream:track)%00%(upstream:remotename)%00%(upstream:remoteref) refs/heads/dev refs/remotes/dev [2ms]
2024-06-22 13:02:29.123 [info] > git status -z -uall [1ms]
2024-06-22 13:03:10.231 [info] > git show --textconv :nidas.dev/src/themes/theme.js [7ms]
2024-06-22 13:03:10.232 [info] > git ls-files --stage -- /home/leo/Projects/nidas.dev/nidas.dev/src/themes/theme.js [2ms]
2024-06-22 13:03:10.241 [info] > git cat-file -s 0b1a4022bbbe2ff2b3051fe83388f9609ccd43c2 [3ms]
2024-06-22 13:03:12.615 [info] > git show --textconv :nidas.dev/src/index.js [15ms]
2024-06-22 13:03:12.617 [info] > git ls-files --stage -- /home/leo/Projects/nidas.dev/nidas.dev/src/index.js [3ms]
2024-06-22 13:03:12.632 [info] > git cat-file -s e2b1a56d8a8482a3249d4e7a5c02662225428546 [6ms]
2024-06-22 13:05:18.718 [info] > git config --get commit.template [17ms]
2024-06-22 13:05:18.722 [info] > git for-each-ref --format=%(refname)%00%(upstream:short)%00%(objectname)%00%(upstream:track)%00%(upstream:remotename)%00%(upstream:remoteref) refs/heads/dev refs/remotes/dev [5ms]
2024-06-22 13:05:18.739 [info] > git status -z -uall [3ms]
2024-06-22 13:05:26.345 [info] > git show --textconv :nidas.dev/src/pages/App.js [7ms]
2024-06-22 13:05:26.346 [info] > git ls-files --stage -- /home/leo/Projects/nidas.dev/nidas.dev/src/pages/App.js [2ms]
2024-06-22 13:05:26.353 [info] > git cat-file -s 37be721f5be423407cf4bb5b10472a3bdd2c9c30 [2ms]
2024-06-22 13:05:29.281 [info] > git show --textconv :nidas.dev/src/themes/theme.js [11ms]
2024-06-22 13:05:29.283 [info] > git ls-files --stage -- /home/leo/Projects/nidas.dev/nidas.dev/src/themes/theme.js [3ms]
2024-06-22 13:05:29.296 [info] > git cat-file -s 0b1a4022bbbe2ff2b3051fe83388f9609ccd43c2 [3ms]
2024-06-22 13:05:37.118 [info] > git show --textconv :nidas.dev/src/pages/App.js [11ms]
2024-06-22 13:05:37.120 [info] > git ls-files --stage -- /home/leo/Projects/nidas.dev/nidas.dev/src/pages/App.js [2ms]
2024-06-22 13:05:37.127 [info] > git cat-file -s 37be721f5be423407cf4bb5b10472a3bdd2c9c30 [1ms]
2024-06-22 13:05:39.262 [info] > git show --textconv :nidas.dev/src/index.js [15ms]
2024-06-22 13:05:39.264 [info] > git ls-files --stage -- /home/leo/Projects/nidas.dev/nidas.dev/src/index.js [3ms]
2024-06-22 13:05:39.272 [info] > git cat-file -s e2b1a56d8a8482a3249d4e7a5c02662225428546 [2ms]
2024-06-22 13:05:40.357 [info] > git show --textconv :nidas.dev/src/components/structure/ColorModeSwitcher.js [15ms]
2024-06-22 13:05:40.360 [info] > git ls-files --stage -- /home/leo/Projects/nidas.dev/nidas.dev/src/components/structure/ColorModeSwitcher.js [4ms]
2024-06-22 13:05:40.371 [info] > git cat-file -s 700e859eff84c6fba3d2eb05598d9b06efd391e3 [2ms]
2024-06-22 13:05:45.737 [info] > git show --textconv :nidas.dev/src/pages/App.js [17ms]
2024-06-22 13:05:45.742 [info] > git ls-files --stage -- /home/leo/Projects/nidas.dev/nidas.dev/src/pages/App.js [7ms]
2024-06-22 13:05:45.750 [info] > git cat-file -s 37be721f5be423407cf4bb5b10472a3bdd2c9c30 [2ms]
2024-06-22 13:05:50.163 [info] > git show --textconv :nidas.dev/src/themes/theme.js [9ms]
2024-06-22 13:05:50.165 [info] > git ls-files --stage -- /home/leo/Projects/nidas.dev/nidas.dev/src/themes/theme.js [3ms]
2024-06-22 13:05:50.176 [info] > git cat-file -s 0b1a4022bbbe2ff2b3051fe83388f9609ccd43c2 [3ms]
2024-06-22 13:06:06.939 [info] > git config --get commit.template [9ms]
2024-06-22 13:06:06.940 [info] > git for-each-ref --format=%(refname)%00%(upstream:short)%00%(objectname)%00%(upstream:track)%00%(upstream:remotename)%00%(upstream:remoteref) refs/heads/dev refs/remotes/dev [2ms]
2024-06-22 13:06:06.949 [info] > git status -z -uall [3ms]
2024-06-22 13:06:12.572 [info] > git config --get commit.template [7ms]
2024-06-22 13:06:12.573 [info] > git for-each-ref --format=%(refname)%00%(upstream:short)%00%(objectname)%00%(upstream:track)%00%(upstream:remotename)%00%(upstream:remoteref) refs/heads/dev refs/remotes/dev [2ms]
2024-06-22 13:06:12.580 [info] > git status -z -uall [2ms]
2024-06-22 13:06:17.590 [info] > git config --get commit.template [4ms]
2024-06-22 13:06:17.590 [info] > git for-each-ref --format=%(refname)%00%(upstream:short)%00%(objectname)%00%(upstream:track)%00%(upstream:remotename)%00%(upstream:remoteref) refs/heads/dev refs/remotes/dev [1ms]
2024-06-22 13:06:17.595 [info] > git status -z -uall [1ms]
2024-06-22 13:06:18.761 [info] > git show --textconv :nidas.dev/src/index.js [9ms]
2024-06-22 13:06:18.762 [info] > git ls-files --stage -- /home/leo/Projects/nidas.dev/nidas.dev/src/index.js [2ms]
2024-06-22 13:06:18.773 [info] > git cat-file -s e2b1a56d8a8482a3249d4e7a5c02662225428546 [3ms]
2024-06-22 13:06:43.089 [info] > git config --get commit.template [3ms]
2024-06-22 13:06:43.099 [info] > git for-each-ref --format=%(refname)%00%(upstream:short)%00%(objectname)%00%(upstream:track)%00%(upstream:remotename)%00%(upstream:remoteref) refs/heads/dev refs/remotes/dev [2ms]
2024-06-22 13:06:43.109 [info] > git status -z -uall [2ms]
2024-06-22 13:07:54.063 [info] > git show --textconv :nidas.dev/src/components/structure/header.js [5ms]
2024-06-22 13:07:54.064 [info] > git ls-files --stage -- /home/leo/Projects/nidas.dev/nidas.dev/src/components/structure/header.js [1ms]
2024-06-22 13:07:54.071 [info] > git cat-file -s 2d795c8708360a46d76105e9ebc54037c37ffd30 [2ms]
2024-06-22 13:08:09.868 [info] > git show --textconv :nidas.dev/src/components/structure/drawer.js [16ms]
2024-06-22 13:08:09.870 [info] > git ls-files --stage -- /home/leo/Projects/nidas.dev/nidas.dev/src/components/structure/drawer.js [3ms]
2024-06-22 13:08:09.879 [info] > git cat-file -s 20b475be4074cfedecbf86e71d9b9001df7f6d00 [2ms]
2024-06-22 13:12:29.313 [info] > git show --textconv :nidas.dev/src/index.js [17ms]
2024-06-22 13:12:29.316 [info] > git ls-files --stage -- /home/leo/Projects/nidas.dev/nidas.dev/src/index.js [5ms]
2024-06-22 13:12:29.334 [info] > git cat-file -s e2b1a56d8a8482a3249d4e7a5c02662225428546 [6ms]
2024-06-22 13:12:53.382 [info] > git config --get commit.template [8ms]
2024-06-22 13:12:53.383 [info] > git for-each-ref --format=%(refname)%00%(upstream:short)%00%(objectname)%00%(upstream:track)%00%(upstream:remotename)%00%(upstream:remoteref) refs/heads/dev refs/remotes/dev [2ms]
2024-06-22 13:12:53.390 [info] > git status -z -uall [2ms]
2024-06-22 13:13:00.304 [info] > git config --get commit.template [8ms]
2024-06-22 13:13:00.305 [info] > git for-each-ref --format=%(refname)%00%(upstream:short)%00%(objectname)%00%(upstream:track)%00%(upstream:remotename)%00%(upstream:remoteref) refs/heads/dev refs/remotes/dev [2ms]
2024-06-22 13:13:00.312 [info] > git status -z -uall [2ms]
2024-06-22 13:13:23.214 [info] > git config --get commit.template [5ms]
2024-06-22 13:13:23.215 [info] > git for-each-ref --format=%(refname)%00%(upstream:short)%00%(objectname)%00%(upstream:track)%00%(upstream:remotename)%00%(upstream:remoteref) refs/heads/dev refs/remotes/dev [2ms]
2024-06-22 13:13:23.221 [info] > git status -z -uall [2ms]
2024-06-22 13:13:38.518 [info] > git config --get commit.template [5ms]
2024-06-22 13:13:38.519 [info] > git for-each-ref --format=%(refname)%00%(upstream:short)%00%(objectname)%00%(upstream:track)%00%(upstream:remotename)%00%(upstream:remoteref) refs/heads/dev refs/remotes/dev [1ms]
2024-06-22 13:13:38.526 [info] > git status -z -uall [2ms]
2024-06-22 13:13:43.293 [info] > git show --textconv :nidas.dev/src/themes/theme.js [14ms]
2024-06-22 13:13:43.295 [info] > git ls-files --stage -- /home/leo/Projects/nidas.dev/nidas.dev/src/themes/theme.js [3ms]
2024-06-22 13:13:43.305 [info] > git cat-file -s 0b1a4022bbbe2ff2b3051fe83388f9609ccd43c2 [3ms]
2024-06-22 13:13:50.610 [info] > git show --textconv :nidas.dev/src/pages/App.js [20ms]
2024-06-22 13:13:50.612 [info] > git ls-files --stage -- /home/leo/Projects/nidas.dev/nidas.dev/src/pages/App.js [4ms]
2024-06-22 13:13:50.623 [info] > git cat-file -s 37be721f5be423407cf4bb5b10472a3bdd2c9c30 [2ms]
2024-06-22 13:13:58.215 [info] > git config --get commit.template [17ms]
2024-06-22 13:13:58.218 [info] > git for-each-ref --format=%(refname)%00%(upstream:short)%00%(objectname)%00%(upstream:track)%00%(upstream:remotename)%00%(upstream:remoteref) refs/heads/dev refs/remotes/dev [5ms]
2024-06-22 13:13:58.240 [info] > git status -z -uall [6ms]
2024-06-22 13:25:16.753 [info] > git show --textconv :nidas.dev/src/components/structure/ColorModeSwitcher.js [9ms]
2024-06-22 13:25:16.754 [info] > git ls-files --stage -- /home/leo/Projects/nidas.dev/nidas.dev/src/components/structure/ColorModeSwitcher.js [2ms]
2024-06-22 13:25:16.762 [info] > git cat-file -s 700e859eff84c6fba3d2eb05598d9b06efd391e3 [2ms]
2024-06-22 13:25:18.306 [info] > git show --textconv :nidas.dev/src/components/structure/header.js [5ms]
2024-06-22 13:25:18.307 [info] > git ls-files --stage -- /home/leo/Projects/nidas.dev/nidas.dev/src/components/structure/header.js [1ms]
2024-06-22 13:25:18.312 [info] > git cat-file -s 2d795c8708360a46d76105e9ebc54037c37ffd30 [1ms]
2024-06-22 13:25:24.266 [info] > git show --textconv :nidas.dev/src/themes/theme.js [7ms]
2024-06-22 13:25:24.266 [info] > git ls-files --stage -- /home/leo/Projects/nidas.dev/nidas.dev/src/themes/theme.js [1ms]
2024-06-22 13:25:24.272 [info] > git cat-file -s 0b1a4022bbbe2ff2b3051fe83388f9609ccd43c2 [1ms]
2024-06-22 13:25:28.967 [info] > git show --textconv :nidas.dev/src/components/structure/ColorModeSwitcher.js [14ms]
2024-06-22 13:25:28.968 [info] > git ls-files --stage -- /home/leo/Projects/nidas.dev/nidas.dev/src/components/structure/ColorModeSwitcher.js [2ms]
2024-06-22 13:25:28.978 [info] > git cat-file -s 700e859eff84c6fba3d2eb05598d9b06efd391e3 [3ms]
2024-06-22 13:25:30.348 [info] > git show --textconv :nidas.dev/src/themes/theme.js [17ms]
2024-06-22 13:25:30.350 [info] > git ls-files --stage -- /home/leo/Projects/nidas.dev/nidas.dev/src/themes/theme.js [4ms]
2024-06-22 13:25:30.368 [info] > git cat-file -s 0b1a4022bbbe2ff2b3051fe83388f9609ccd43c2 [6ms]
2024-06-22 13:25:31.576 [info] > git show --textconv :nidas.dev/src/pages/App.js [7ms]
2024-06-22 13:25:31.577 [info] > git ls-files --stage -- /home/leo/Projects/nidas.dev/nidas.dev/src/pages/App.js [2ms]
2024-06-22 13:25:31.585 [info] > git cat-file -s 37be721f5be423407cf4bb5b10472a3bdd2c9c30 [3ms]
2024-06-22 13:25:32.725 [info] > git show --textconv :nidas.dev/src/index.js [7ms]
2024-06-22 13:25:32.727 [info] > git ls-files --stage -- /home/leo/Projects/nidas.dev/nidas.dev/src/index.js [2ms]
2024-06-22 13:25:32.737 [info] > git cat-file -s e2b1a56d8a8482a3249d4e7a5c02662225428546 [2ms]
2024-06-22 13:25:56.031 [info] > git config --get commit.template [9ms]
2024-06-22 13:25:56.033 [info] > git for-each-ref --format=%(refname)%00%(upstream:short)%00%(objectname)%00%(upstream:track)%00%(upstream:remotename)%00%(upstream:remoteref) refs/heads/dev refs/remotes/dev [3ms]
2024-06-22 13:25:56.042 [info] > git status -z -uall [3ms]
2024-06-22 13:26:06.378 [info] > git show --textconv :nidas.dev/src/themes/theme.js [7ms]
2024-06-22 13:26:06.380 [info] > git ls-files --stage -- /home/leo/Projects/nidas.dev/nidas.dev/src/themes/theme.js [2ms]
2024-06-22 13:26:06.387 [info] > git cat-file -s 0b1a4022bbbe2ff2b3051fe83388f9609ccd43c2 [2ms]
2024-06-22 13:26:07.354 [info] > git show --textconv :nidas.dev/src/components/structure/ColorModeSwitcher.js [6ms]
2024-06-22 13:26:07.355 [info] > git ls-files --stage -- /home/leo/Projects/nidas.dev/nidas.dev/src/components/structure/ColorModeSwitcher.js [2ms]
2024-06-22 13:26:07.362 [info] > git cat-file -s 700e859eff84c6fba3d2eb05598d9b06efd391e3 [2ms]
2024-06-22 13:26:08.892 [info] > git show --textconv :nidas.dev/src/index.js [8ms]
2024-06-22 13:26:08.893 [info] > git ls-files --stage -- /home/leo/Projects/nidas.dev/nidas.dev/src/index.js [2ms]
2024-06-22 13:26:08.902 [info] > git cat-file -s e2b1a56d8a8482a3249d4e7a5c02662225428546 [2ms]
2024-06-22 13:26:09.825 [info] > git show --textconv :nidas.dev/src/components/structure/header.js [6ms]
2024-06-22 13:26:09.826 [info] > git ls-files --stage -- /home/leo/Projects/nidas.dev/nidas.dev/src/components/structure/header.js [1ms]
2024-06-22 13:26:09.832 [info] > git cat-file -s 2d795c8708360a46d76105e9ebc54037c37ffd30 [2ms]
2024-06-22 13:26:19.035 [info] > git config --get commit.template [8ms]
2024-06-22 13:26:19.036 [info] > git for-each-ref --format=%(refname)%00%(upstream:short)%00%(objectname)%00%(upstream:track)%00%(upstream:remotename)%00%(upstream:remoteref) refs/heads/dev refs/remotes/dev [2ms]
2024-06-22 13:26:19.043 [info] > git status -z -uall [2ms]
2024-06-22 13:26:26.968 [info] > git show --textconv :nidas.dev/src/pages/App.js [12ms]
2024-06-22 13:26:26.969 [info] > git ls-files --stage -- /home/leo/Projects/nidas.dev/nidas.dev/src/pages/App.js [2ms]
2024-06-22 13:26:26.978 [info] > git cat-file -s 37be721f5be423407cf4bb5b10472a3bdd2c9c30 [2ms]
2024-06-22 13:26:34.164 [info] > git config --get commit.template [14ms]
2024-06-22 13:26:34.167 [info] > git for-each-ref --format=%(refname)%00%(upstream:short)%00%(objectname)%00%(upstream:track)%00%(upstream:remotename)%00%(upstream:remoteref) refs/heads/dev refs/remotes/dev [5ms]
2024-06-22 13:26:34.187 [info] > git status -z -uall [7ms]
2024-06-22 13:26:51.490 [info] > git show --textconv :nidas.dev/src/themes/theme.js [18ms]
2024-06-22 13:26:51.492 [info] > git ls-files --stage -- /home/leo/Projects/nidas.dev/nidas.dev/src/themes/theme.js [4ms]
2024-06-22 13:26:51.504 [info] > git cat-file -s 0b1a4022bbbe2ff2b3051fe83388f9609ccd43c2 [4ms]
2024-06-22 13:26:53.431 [info] > git show --textconv :nidas.dev/src/pages/App.js [14ms]
2024-06-22 13:26:53.434 [info] > git ls-files --stage -- /home/leo/Projects/nidas.dev/nidas.dev/src/pages/App.js [4ms]
2024-06-22 13:26:53.449 [info] > git cat-file -s 37be721f5be423407cf4bb5b10472a3bdd2c9c30 [4ms]
2024-06-22 13:27:18.062 [info] > git config --get commit.template [9ms]
2024-06-22 13:27:18.063 [info] > git for-each-ref --format=%(refname)%00%(upstream:short)%00%(objectname)%00%(upstream:track)%00%(upstream:remotename)%00%(upstream:remoteref) refs/heads/dev refs/remotes/dev [2ms]
2024-06-22 13:27:18.071 [info] > git status -z -uall [2ms]
2024-06-22 13:27:32.848 [info] > git config --get commit.template [6ms]
2024-06-22 13:27:32.849 [info] > git for-each-ref --format=%(refname)%00%(upstream:short)%00%(objectname)%00%(upstream:track)%00%(upstream:remotename)%00%(upstream:remoteref) refs/heads/dev refs/remotes/dev [2ms]
2024-06-22 13:27:32.856 [info] > git status -z -uall [2ms]
2024-06-22 13:34:58.974 [info] > git show --textconv :nidas.dev/src/components/structure/ColorModeSwitcher.js [16ms]
2024-06-22 13:34:58.976 [info] > git ls-files --stage -- /home/leo/Projects/nidas.dev/nidas.dev/src/components/structure/ColorModeSwitcher.js [3ms]
2024-06-22 13:34:58.986 [info] > git cat-file -s 700e859eff84c6fba3d2eb05598d9b06efd391e3 [3ms]
2024-06-22 13:35:37.520 [info] > git config --get commit.template [5ms]
2024-06-22 13:35:37.521 [info] > git for-each-ref --format=%(refname)%00%(upstream:short)%00%(objectname)%00%(upstream:track)%00%(upstream:remotename)%00%(upstream:remoteref) refs/heads/dev refs/remotes/dev [1ms]
2024-06-22 13:35:37.526 [info] > git status -z -uall [1ms]
2024-06-22 13:35:42.556 [info] > git show --textconv :nidas.dev/src/pages/App.js [29ms]
2024-06-22 13:35:42.561 [info] > git config --get commit.template [6ms]
2024-06-22 13:35:42.562 [info] > git ls-files --stage -- /home/leo/Projects/nidas.dev/nidas.dev/src/pages/App.js [20ms]
2024-06-22 13:35:42.578 [info] > git cat-file -s 37be721f5be423407cf4bb5b10472a3bdd2c9c30 [9ms]
2024-06-22 13:35:42.580 [info] > git for-each-ref --format=%(refname)%00%(upstream:short)%00%(objectname)%00%(upstream:track)%00%(upstream:remotename)%00%(upstream:remoteref) refs/heads/dev refs/remotes/dev [3ms]
2024-06-22 13:35:42.592 [info] > git status -z -uall [4ms]
2024-06-22 13:36:14.575 [info] > git config --get commit.template [6ms]
2024-06-22 13:36:14.576 [info] > git for-each-ref --format=%(refname)%00%(upstream:short)%00%(objectname)%00%(upstream:track)%00%(upstream:remotename)%00%(upstream:remoteref) refs/heads/dev refs/remotes/dev [2ms]
2024-06-22 13:36:14.583 [info] > git status -z -uall [2ms]
2024-06-22 13:36:28.720 [info] > git show --textconv :nidas.dev/src/components/structure/header.js [16ms]
2024-06-22 13:36:28.722 [info] > git ls-files --stage -- /home/leo/Projects/nidas.dev/nidas.dev/src/components/structure/header.js [4ms]
2024-06-22 13:36:28.731 [info] > git cat-file -s 2d795c8708360a46d76105e9ebc54037c37ffd30 [2ms]
2024-06-22 13:36:59.968 [info] > git config --get commit.template [16ms]
2024-06-22 13:36:59.972 [info] > git for-each-ref --format=%(refname)%00%(upstream:short)%00%(objectname)%00%(upstream:track)%00%(upstream:remotename)%00%(upstream:remoteref) refs/heads/dev refs/remotes/dev [5ms]
2024-06-22 13:36:59.991 [info] > git status -z -uall [4ms]
2024-06-22 13:37:06.932 [info] > git config --get commit.template [14ms]
2024-06-22 13:37:06.936 [info] > git for-each-ref --format=%(refname)%00%(upstream:short)%00%(objectname)%00%(upstream:track)%00%(upstream:remotename)%00%(upstream:remoteref) refs/heads/dev refs/remotes/dev [5ms]
2024-06-22 13:37:06.957 [info] > git status -z -uall [8ms]
2024-06-22 13:37:23.303 [info] > git show --textconv :nidas.dev/src/components/structure/drawer.js [16ms]
2024-06-22 13:37:23.304 [info] > git ls-files --stage -- /home/leo/Projects/nidas.dev/nidas.dev/src/components/structure/drawer.js [3ms]
2024-06-22 13:37:23.317 [info] > git cat-file -s 20b475be4074cfedecbf86e71d9b9001df7f6d00 [4ms]
2024-06-22 13:37:46.073 [info] > git config --get commit.template [15ms]
2024-06-22 13:37:46.076 [info] > git for-each-ref --format=%(refname)%00%(upstream:short)%00%(objectname)%00%(upstream:track)%00%(upstream:remotename)%00%(upstream:remoteref) refs/heads/dev refs/remotes/dev [4ms]
2024-06-22 13:37:46.097 [info] > git status -z -uall [7ms]
2024-06-22 13:37:59.175 [info] > git config --get commit.template [16ms]
2024-06-22 13:37:59.178 [info] > git for-each-ref --format=%(refname)%00%(upstream:short)%00%(objectname)%00%(upstream:track)%00%(upstream:remotename)%00%(upstream:remoteref) refs/heads/dev refs/remotes/dev [5ms]
2024-06-22 13:37:59.198 [info] > git status -z -uall [7ms]
2024-06-22 13:38:15.497 [info] > git show --textconv :nidas.dev/src/themes/theme.js [12ms]
2024-06-22 13:38:15.499 [info] > git ls-files --stage -- /home/leo/Projects/nidas.dev/nidas.dev/src/themes/theme.js [2ms]
2024-06-22 13:38:15.506 [info] > git cat-file -s 0b1a4022bbbe2ff2b3051fe83388f9609ccd43c2 [2ms]
2024-06-22 13:38:50.960 [info] > git show --textconv :nidas.dev/src/components/structure/header.js [8ms]
2024-06-22 13:38:50.962 [info] > git ls-files --stage -- /home/leo/Projects/nidas.dev/nidas.dev/src/components/structure/header.js [2ms]
2024-06-22 13:38:50.968 [info] > git cat-file -s 2d795c8708360a46d76105e9ebc54037c37ffd30 [1ms]
2024-06-22 13:38:54.534 [info] > git show --textconv :nidas.dev/src/components/structure/drawer.js [13ms]
2024-06-22 13:38:54.536 [info] > git ls-files --stage -- /home/leo/Projects/nidas.dev/nidas.dev/src/components/structure/drawer.js [2ms]
2024-06-22 13:38:54.544 [info] > git cat-file -s 20b475be4074cfedecbf86e71d9b9001df7f6d00 [2ms]
2024-06-22 13:39:16.710 [info] > git show --textconv :nidas.dev/src/components/structure/header.js [13ms]
2024-06-22 13:39:16.712 [info] > git ls-files --stage -- /home/leo/Projects/nidas.dev/nidas.dev/src/components/structure/header.js [2ms]
2024-06-22 13:39:16.719 [info] > git cat-file -s 2d795c8708360a46d76105e9ebc54037c37ffd30 [1ms]
2024-06-22 13:39:30.927 [info] > git config --get commit.template [15ms]
2024-06-22 13:39:30.930 [info] > git for-each-ref --format=%(refname)%00%(upstream:short)%00%(objectname)%00%(upstream:track)%00%(upstream:remotename)%00%(upstream:remoteref) refs/heads/dev refs/remotes/dev [5ms]
2024-06-22 13:39:30.951 [info] > git status -z -uall [7ms]
2024-06-22 13:39:35.984 [info] > git config --get commit.template [15ms]
2024-06-22 13:39:35.987 [info] > git for-each-ref --format=%(refname)%00%(upstream:short)%00%(objectname)%00%(upstream:track)%00%(upstream:remotename)%00%(upstream:remoteref) refs/heads/dev refs/remotes/dev [5ms]
2024-06-22 13:39:36.008 [info] > git status -z -uall [7ms]
2024-06-22 13:39:48.642 [info] > git config --get commit.template [4ms]
2024-06-22 13:39:48.643 [info] > git for-each-ref --format=%(refname)%00%(upstream:short)%00%(objectname)%00%(upstream:track)%00%(upstream:remotename)%00%(upstream:remoteref) refs/heads/dev refs/remotes/dev [1ms]
2024-06-22 13:39:48.648 [info] > git status -z -uall [2ms]
2024-06-22 13:40:14.494 [info] > git config --get commit.template [16ms]
2024-06-22 13:40:14.497 [info] > git for-each-ref --format=%(refname)%00%(upstream:short)%00%(objectname)%00%(upstream:track)%00%(upstream:remotename)%00%(upstream:remoteref) refs/heads/dev refs/remotes/dev [5ms]
2024-06-22 13:40:14.518 [info] > git status -z -uall [7ms]
2024-06-22 13:40:23.610 [info] > git config --get commit.template [4ms]
2024-06-22 13:40:23.611 [info] > git for-each-ref --format=%(refname)%00%(upstream:short)%00%(objectname)%00%(upstream:track)%00%(upstream:remotename)%00%(upstream:remoteref) refs/heads/dev refs/remotes/dev [1ms]
2024-06-22 13:40:23.616 [info] > git status -z -uall [2ms]
2024-06-22 13:40:30.904 [info] > git config --get commit.template [16ms]
2024-06-22 13:40:30.907 [info] > git for-each-ref --format=%(refname)%00%(upstream:short)%00%(objectname)%00%(upstream:track)%00%(upstream:remotename)%00%(upstream:remoteref) refs/heads/dev refs/remotes/dev [5ms]
2024-06-22 13:40:30.930 [info] > git status -z -uall [6ms]
2024-06-22 13:40:31.719 [info] > git show --textconv :nidas.dev/src/components/structure/ColorModeSwitcher.js [11ms]
2024-06-22 13:40:31.721 [info] > git ls-files --stage -- /home/leo/Projects/nidas.dev/nidas.dev/src/components/structure/ColorModeSwitcher.js [3ms]
2024-06-22 13:40:31.735 [info] > git cat-file -s 700e859eff84c6fba3d2eb05598d9b06efd391e3 [5ms]
2024-06-22 13:40:33.413 [info] > git show --textconv :nidas.dev/src/components/structure/header.js [9ms]
2024-06-22 13:40:33.415 [info] > git ls-files --stage -- /home/leo/Projects/nidas.dev/nidas.dev/src/components/structure/header.js [3ms]
2024-06-22 13:40:33.426 [info] > git cat-file -s 2d795c8708360a46d76105e9ebc54037c37ffd30 [3ms]
2024-06-22 13:40:35.088 [info] > git show --textconv :nidas.dev/src/components/structure/drawer.js [15ms]
2024-06-22 13:40:35.092 [info] > git ls-files --stage -- /home/leo/Projects/nidas.dev/nidas.dev/src/components/structure/drawer.js [4ms]
2024-06-22 13:40:35.108 [info] > git cat-file -s 20b475be4074cfedecbf86e71d9b9001df7f6d00 [5ms]
2024-06-22 13:40:55.304 [info] > git show --textconv :nidas.dev/src/components/structure/header.js [13ms]
2024-06-22 13:40:55.306 [info] > git ls-files --stage -- /home/leo/Projects/nidas.dev/nidas.dev/src/components/structure/header.js [3ms]
2024-06-22 13:40:55.314 [info] > git cat-file -s 2d795c8708360a46d76105e9ebc54037c37ffd30 [2ms]
2024-06-22 13:41:17.422 [info] > git config --get commit.template [15ms]
2024-06-22 13:41:17.426 [info] > git for-each-ref --format=%(refname)%00%(upstream:short)%00%(objectname)%00%(upstream:track)%00%(upstream:remotename)%00%(upstream:remoteref) refs/heads/dev refs/remotes/dev [5ms]
2024-06-22 13:41:17.446 [info] > git status -z -uall [6ms]
2024-06-22 13:41:34.911 [info] > git config --get commit.template [15ms]
2024-06-22 13:41:34.915 [info] > git for-each-ref --format=%(refname)%00%(upstream:short)%00%(objectname)%00%(upstream:track)%00%(upstream:remotename)%00%(upstream:remoteref) refs/heads/dev refs/remotes/dev [5ms]
2024-06-22 13:41:34.935 [info] > git status -z -uall [7ms]
2024-06-22 13:42:05.235 [info] > git show --textconv :nidas.dev/src/components/structure/drawer.js [4ms]
2024-06-22 13:42:05.236 [info] > git ls-files --stage -- /home/leo/Projects/nidas.dev/nidas.dev/src/components/structure/drawer.js [1ms]
2024-06-22 13:42:05.240 [info] > git cat-file -s 20b475be4074cfedecbf86e71d9b9001df7f6d00 [1ms]
2024-06-22 13:42:18.889 [info] > git config --get commit.template [16ms]
2024-06-22 13:42:18.893 [info] > git for-each-ref --format=%(refname)%00%(upstream:short)%00%(objectname)%00%(upstream:track)%00%(upstream:remotename)%00%(upstream:remoteref) refs/heads/dev refs/remotes/dev [6ms]
2024-06-22 13:42:18.913 [info] > git status -z -uall [6ms]
2024-06-22 13:42:23.948 [info] > git config --get commit.template [15ms]
2024-06-22 13:42:23.952 [info] > git for-each-ref --format=%(refname)%00%(upstream:short)%00%(objectname)%00%(upstream:track)%00%(upstream:remotename)%00%(upstream:remoteref) refs/heads/dev refs/remotes/dev [4ms]
2024-06-22 13:42:23.972 [info] > git status -z -uall [6ms]
2024-06-22 13:42:36.583 [info] > git config --get commit.template [8ms]
2024-06-22 13:42:36.584 [info] > git for-each-ref --format=%(refname)%00%(upstream:short)%00%(objectname)%00%(upstream:track)%00%(upstream:remotename)%00%(upstream:remoteref) refs/heads/dev refs/remotes/dev [2ms]
2024-06-22 13:42:36.591 [info] > git status -z -uall [2ms]
2024-06-22 13:43:33.808 [info] > git config --get commit.template [4ms]
2024-06-22 13:43:33.827 [info] > git for-each-ref --format=%(refname)%00%(upstream:short)%00%(objectname)%00%(upstream:track)%00%(upstream:remotename)%00%(upstream:remoteref) refs/heads/dev refs/remotes/dev [4ms]
2024-06-22 13:43:33.849 [info] > git status -z -uall [8ms]
2024-06-22 13:43:41.655 [info] > git show --textconv :nidas.dev/src/components/structure/header.js [3ms]
2024-06-22 13:43:41.656 [info] > git ls-files --stage -- /home/leo/Projects/nidas.dev/nidas.dev/src/components/structure/header.js [1ms]
2024-06-22 13:43:41.660 [info] > git cat-file -s 2d795c8708360a46d76105e9ebc54037c37ffd30 [1ms]
2024-06-22 13:43:51.243 [info] > git show --textconv :nidas.dev/src/components/structure/drawer.js [9ms]
2024-06-22 13:43:51.245 [info] > git ls-files --stage -- /home/leo/Projects/nidas.dev/nidas.dev/src/components/structure/drawer.js [3ms]
2024-06-22 13:43:51.251 [info] > git cat-file -s 20b475be4074cfedecbf86e71d9b9001df7f6d00 [1ms]
2024-06-22 13:44:11.932 [info] > git config --get commit.template [17ms]
2024-06-22 13:44:11.936 [info] > git for-each-ref --format=%(refname)%00%(upstream:short)%00%(objectname)%00%(upstream:track)%00%(upstream:remotename)%00%(upstream:remoteref) refs/heads/dev refs/remotes/dev [5ms]
2024-06-22 13:44:11.956 [info] > git status -z -uall [7ms]
2024-06-22 13:44:35.566 [info] > git config --get commit.template [8ms]
2024-06-22 13:44:35.567 [info] > git for-each-ref --format=%(refname)%00%(upstream:short)%00%(objectname)%00%(upstream:track)%00%(upstream:remotename)%00%(upstream:remoteref) refs/heads/dev refs/remotes/dev [2ms]
2024-06-22 13:44:35.575 [info] > git status -z -uall [3ms]
2024-06-22 13:44:52.063 [info] > git show --textconv :nidas.dev/src/components/layout/layout.js [16ms]
2024-06-22 13:44:52.066 [info] > git ls-files --stage -- /home/leo/Projects/nidas.dev/nidas.dev/src/components/layout/layout.js [5ms]
2024-06-22 13:44:52.079 [info] > git cat-file -s 82f35745b054155dc858a8cf971f70b1eee06d6f [4ms]
2024-06-22 13:45:01.210 [info] > git config --get commit.template [16ms]
2024-06-22 13:45:01.213 [info] > git for-each-ref --format=%(refname)%00%(upstream:short)%00%(objectname)%00%(upstream:track)%00%(upstream:remotename)%00%(upstream:remoteref) refs/heads/dev refs/remotes/dev [5ms]
2024-06-22 13:45:01.235 [info] > git status -z -uall [8ms]
2024-06-22 13:45:06.699 [info] > git config --get commit.template [12ms]
2024-06-22 13:45:06.701 [info] > git for-each-ref --format=%(refname)%00%(upstream:short)%00%(objectname)%00%(upstream:track)%00%(upstream:remotename)%00%(upstream:remoteref) refs/heads/dev refs/remotes/dev [4ms]
2024-06-22 13:45:06.713 [info] > git status -z -uall [4ms]
2024-06-22 13:45:23.359 [info] > git config --get commit.template [4ms]
2024-06-22 13:45:23.360 [info] > git for-each-ref --format=%(refname)%00%(upstream:short)%00%(objectname)%00%(upstream:track)%00%(upstream:remotename)%00%(upstream:remoteref) refs/heads/dev refs/remotes/dev [1ms]
2024-06-22 13:45:23.366 [info] > git status -z -uall [2ms]
2024-06-22 13:46:04.307 [info] > git config --get commit.template [15ms]
2024-06-22 13:46:04.310 [info] > git for-each-ref --format=%(refname)%00%(upstream:short)%00%(objectname)%00%(upstream:track)%00%(upstream:remotename)%00%(upstream:remoteref) refs/heads/dev refs/remotes/dev [4ms]
2024-06-22 13:46:04.332 [info] > git status -z -uall [6ms]
2024-06-22 13:46:19.899 [info] > git config --get commit.template [16ms]
2024-06-22 13:46:19.902 [info] > git for-each-ref --format=%(refname)%00%(upstream:short)%00%(objectname)%00%(upstream:track)%00%(upstream:remotename)%00%(upstream:remoteref) refs/heads/dev refs/remotes/dev [4ms]
2024-06-22 13:46:19.922 [info] > git status -z -uall [7ms]
2024-06-22 13:46:26.757 [info] > git config --get commit.template [16ms]
2024-06-22 13:46:26.760 [info] > git for-each-ref --format=%(refname)%00%(upstream:short)%00%(objectname)%00%(upstream:track)%00%(upstream:remotename)%00%(upstream:remoteref) refs/heads/dev refs/remotes/dev [5ms]
2024-06-22 13:46:26.780 [info] > git status -z -uall [6ms]
2024-06-22 13:46:59.937 [info] > git show --textconv :nidas.dev/src/pages/App.js [17ms]
2024-06-22 13:46:59.943 [info] > git ls-files --stage -- /home/leo/Projects/nidas.dev/nidas.dev/src/pages/App.js [8ms]
2024-06-22 13:46:59.954 [info] > git cat-file -s 37be721f5be423407cf4bb5b10472a3bdd2c9c30 [2ms]
2024-06-22 13:47:12.278 [info] > git show --textconv :nidas.dev/src/components/layout/layout.js [6ms]
2024-06-22 13:47:12.278 [info] > git ls-files --stage -- /home/leo/Projects/nidas.dev/nidas.dev/src/components/layout/layout.js [1ms]
2024-06-22 13:47:12.285 [info] > git cat-file -s 82f35745b054155dc858a8cf971f70b1eee06d6f [2ms]
2024-06-22 13:47:23.785 [info] > git config --get commit.template [14ms]
2024-06-22 13:47:23.788 [info] > git for-each-ref --format=%(refname)%00%(upstream:short)%00%(objectname)%00%(upstream:track)%00%(upstream:remotename)%00%(upstream:remoteref) refs/heads/dev refs/remotes/dev [4ms]
2024-06-22 13:47:23.808 [info] > git status -z -uall [6ms]
2024-06-22 13:49:03.428 [info] > git config --get commit.template [16ms]
2024-06-22 13:49:03.431 [info] > git for-each-ref --format=%(refname)%00%(upstream:short)%00%(objectname)%00%(upstream:track)%00%(upstream:remotename)%00%(upstream:remoteref) refs/heads/dev refs/remotes/dev [4ms]
2024-06-22 13:49:03.453 [info] > git status -z -uall [7ms]
2024-06-22 13:49:08.488 [info] > git config --get commit.template [14ms]
2024-06-22 13:49:08.491 [info] > git for-each-ref --format=%(refname)%00%(upstream:short)%00%(objectname)%00%(upstream:track)%00%(upstream:remotename)%00%(upstream:remoteref) refs/heads/dev refs/remotes/dev [5ms]
2024-06-22 13:49:08.511 [info] > git status -z -uall [5ms]
2024-06-22 13:50:19.108 [info] > git config --get commit.template [14ms]
2024-06-22 13:50:19.110 [info] > git for-each-ref --format=%(refname)%00%(upstream:short)%00%(objectname)%00%(upstream:track)%00%(upstream:remotename)%00%(upstream:remoteref) refs/heads/dev refs/remotes/dev [4ms]
2024-06-22 13:50:19.131 [info] > git status -z -uall [7ms]
2024-06-22 13:50:24.168 [info] > git config --get commit.template [15ms]
2024-06-22 13:50:24.172 [info] > git for-each-ref --format=%(refname)%00%(upstream:short)%00%(objectname)%00%(upstream:track)%00%(upstream:remotename)%00%(upstream:remoteref) refs/heads/dev refs/remotes/dev [5ms]
2024-06-22 13:50:24.189 [info] > git status -z -uall [5ms]
2024-06-22 13:50:34.739 [info] > git config --get commit.template [4ms]
2024-06-22 13:50:34.740 [info] > git for-each-ref --format=%(refname)%00%(upstream:short)%00%(objectname)%00%(upstream:track)%00%(upstream:remotename)%00%(upstream:remoteref) refs/heads/dev refs/remotes/dev [1ms]
2024-06-22 13:50:34.745 [info] > git status -z -uall [2ms]
2024-06-22 13:50:39.754 [info] > git config --get commit.template [1ms]
2024-06-22 13:50:39.759 [info] > git for-each-ref --format=%(refname)%00%(upstream:short)%00%(objectname)%00%(upstream:track)%00%(upstream:remotename)%00%(upstream:remoteref) refs/heads/dev refs/remotes/dev [1ms]
2024-06-22 13:50:39.765 [info] > git status -z -uall [2ms]
2024-06-22 13:52:27.828 [info] > git config --get commit.template [15ms]
2024-06-22 13:52:27.831 [info] > git for-each-ref --format=%(refname)%00%(upstream:short)%00%(objectname)%00%(upstream:track)%00%(upstream:remotename)%00%(upstream:remoteref) refs/heads/dev refs/remotes/dev [4ms]
2024-06-22 13:52:27.852 [info] > git status -z -uall [6ms]
2024-06-22 13:52:33.828 [info] > git config --get commit.template [14ms]
2024-06-22 13:52:33.831 [info] > git for-each-ref --format=%(refname)%00%(upstream:short)%00%(objectname)%00%(upstream:track)%00%(upstream:remotename)%00%(upstream:remoteref) refs/heads/dev refs/remotes/dev [5ms]
2024-06-22 13:52:33.852 [info] > git status -z -uall [7ms]
2024-06-22 13:52:45.525 [info] > git config --get commit.template [11ms]
2024-06-22 13:52:45.526 [info] > git for-each-ref --format=%(refname)%00%(upstream:short)%00%(objectname)%00%(upstream:track)%00%(upstream:remotename)%00%(upstream:remoteref) refs/heads/dev refs/remotes/dev [2ms]
2024-06-22 13:52:45.535 [info] > git status -z -uall [2ms]
2024-06-22 13:53:03.837 [info] > git config --get commit.template [15ms]
2024-06-22 13:53:03.840 [info] > git for-each-ref --format=%(refname)%00%(upstream:short)%00%(objectname)%00%(upstream:track)%00%(upstream:remotename)%00%(upstream:remoteref) refs/heads/dev refs/remotes/dev [5ms]
2024-06-22 13:53:03.861 [info] > git status -z -uall [7ms]
2024-06-22 13:53:14.267 [info] > git show --textconv :nidas.dev/src/components/structure/drawer.js [14ms]
2024-06-22 13:53:14.268 [info] > git ls-files --stage -- /home/leo/Projects/nidas.dev/nidas.dev/src/components/structure/drawer.js [2ms]
2024-06-22 13:53:14.276 [info] > git cat-file -s 20b475be4074cfedecbf86e71d9b9001df7f6d00 [2ms]
2024-06-22 13:53:17.195 [info] > git show --textconv :nidas.dev/src/themes/theme.js [6ms]
2024-06-22 13:53:17.196 [info] > git ls-files --stage -- /home/leo/Projects/nidas.dev/nidas.dev/src/themes/theme.js [1ms]
2024-06-22 13:53:17.203 [info] > git cat-file -s 0b1a4022bbbe2ff2b3051fe83388f9609ccd43c2 [1ms]
2024-06-22 13:53:25.444 [info] > git show --textconv :nidas.dev/src/pages/App.js [16ms]
2024-06-22 13:53:25.447 [info] > git ls-files --stage -- /home/leo/Projects/nidas.dev/nidas.dev/src/pages/App.js [3ms]
2024-06-22 13:53:25.460 [info] > git cat-file -s 37be721f5be423407cf4bb5b10472a3bdd2c9c30 [3ms]
2024-06-22 13:53:27.046 [info] > git show --textconv :nidas.dev/src/index.js [16ms]
2024-06-22 13:53:27.048 [info] > git ls-files --stage -- /home/leo/Projects/nidas.dev/nidas.dev/src/index.js [4ms]
2024-06-22 13:53:27.066 [info] > git cat-file -s e2b1a56d8a8482a3249d4e7a5c02662225428546 [5ms]
2024-06-22 13:53:28.289 [info] > git show --textconv :nidas.dev/src/components/structure/header.js [18ms]
2024-06-22 13:53:28.290 [info] > git ls-files --stage -- /home/leo/Projects/nidas.dev/nidas.dev/src/components/structure/header.js [2ms]
2024-06-22 13:53:28.301 [info] > git cat-file -s 2d795c8708360a46d76105e9ebc54037c37ffd30 [3ms]
2024-06-22 13:53:34.351 [info] > git show --textconv :nidas.dev/src/components/structure/drawer.js [13ms]
2024-06-22 13:53:34.353 [info] > git ls-files --stage -- /home/leo/Projects/nidas.dev/nidas.dev/src/components/structure/drawer.js [3ms]
2024-06-22 13:53:34.365 [info] > git cat-file -s 20b475be4074cfedecbf86e71d9b9001df7f6d00 [2ms]
2024-06-22 13:53:41.007 [info] > git show --textconv :nidas.dev/src/components/layout/layout.js [16ms]
2024-06-22 13:53:41.010 [info] > git ls-files --stage -- /home/leo/Projects/nidas.dev/nidas.dev/src/components/layout/layout.js [4ms]
2024-06-22 13:53:41.022 [info] > git cat-file -s 82f35745b054155dc858a8cf971f70b1eee06d6f [3ms]
2024-06-22 13:53:54.038 [info] > git config --get commit.template [16ms]
2024-06-22 13:53:54.041 [info] > git for-each-ref --format=%(refname)%00%(upstream:short)%00%(objectname)%00%(upstream:track)%00%(upstream:remotename)%00%(upstream:remoteref) refs/heads/dev refs/remotes/dev [4ms]
2024-06-22 13:53:54.062 [info] > git status -z -uall [7ms]
2024-06-22 13:54:03.810 [info] > git show --textconv :nidas.dev/src/themes/theme.js [7ms]
2024-06-22 13:54:03.811 [info] > git ls-files --stage -- /home/leo/Projects/nidas.dev/nidas.dev/src/themes/theme.js [2ms]
2024-06-22 13:54:03.820 [info] > git cat-file -s 0b1a4022bbbe2ff2b3051fe83388f9609ccd43c2 [2ms]
2024-06-22 13:54:39.035 [info] > git show --textconv :nidas.dev/src/pages/App.js [17ms]
2024-06-22 13:54:39.038 [info] > git ls-files --stage -- /home/leo/Projects/nidas.dev/nidas.dev/src/pages/App.js [5ms]
2024-06-22 13:54:39.049 [info] > git cat-file -s 37be721f5be423407cf4bb5b10472a3bdd2c9c30 [3ms]
2024-06-22 13:54:47.372 [info] > git show --textconv :nidas.dev/src/components/structure/drawer.js [9ms]
2024-06-22 13:54:47.374 [info] > git ls-files --stage -- /home/leo/Projects/nidas.dev/nidas.dev/src/components/structure/drawer.js [3ms]
2024-06-22 13:54:47.384 [info] > git cat-file -s 20b475be4074cfedecbf86e71d9b9001df7f6d00 [3ms]
2024-06-22 13:54:49.661 [info] > git show --textconv :nidas.dev/src/components/structure/header.js [13ms]
2024-06-22 13:54:49.662 [info] > git ls-files --stage -- /home/leo/Projects/nidas.dev/nidas.dev/src/components/structure/header.js [2ms]
2024-06-22 13:54:49.672 [info] > git cat-file -s 2d795c8708360a46d76105e9ebc54037c37ffd30 [3ms]
2024-06-22 13:54:56.336 [info] > git config --get commit.template [16ms]
2024-06-22 13:54:56.339 [info] > git for-each-ref --format=%(refname)%00%(upstream:short)%00%(objectname)%00%(upstream:track)%00%(upstream:remotename)%00%(upstream:remoteref) refs/heads/dev refs/remotes/dev [5ms]
2024-06-22 13:54:56.360 [info] > git status -z -uall [6ms]
2024-06-22 13:55:03.572 [info] > git show --textconv :nidas.dev/src/themes/theme.js [5ms]
2024-06-22 13:55:03.573 [info] > git ls-files --stage -- /home/leo/Projects/nidas.dev/nidas.dev/src/themes/theme.js [2ms]
2024-06-22 13:55:03.577 [info] > git cat-file -s 0b1a4022bbbe2ff2b3051fe83388f9609ccd43c2 [1ms]
2024-06-22 13:55:07.710 [info] > git config --get commit.template [10ms]
2024-06-22 13:55:07.711 [info] > git for-each-ref --format=%(refname)%00%(upstream:short)%00%(objectname)%00%(upstream:track)%00%(upstream:remotename)%00%(upstream:remoteref) refs/heads/dev refs/remotes/dev [2ms]
2024-06-22 13:55:07.719 [info] > git status -z -uall [1ms]
2024-06-22 13:55:10.123 [info] > git show --textconv :nidas.dev/src/components/structure/drawer.js [17ms]
2024-06-22 13:55:10.126 [info] > git ls-files --stage -- /home/leo/Projects/nidas.dev/nidas.dev/src/components/structure/drawer.js [4ms]
2024-06-22 13:55:10.143 [info] > git cat-file -s 20b475be4074cfedecbf86e71d9b9001df7f6d00 [4ms]
2024-06-22 13:55:20.481 [info] > git show --textconv :nidas.dev/src/components/layout/layout.js [8ms]
2024-06-22 13:55:20.482 [info] > git ls-files --stage -- /home/leo/Projects/nidas.dev/nidas.dev/src/components/layout/layout.js [2ms]
2024-06-22 13:55:20.489 [info] > git cat-file -s 82f35745b054155dc858a8cf971f70b1eee06d6f [2ms]
2024-06-22 13:55:21.676 [info] > git show --textconv :nidas.dev/src/components/structure/header.js [17ms]
2024-06-22 13:55:21.679 [info] > git ls-files --stage -- /home/leo/Projects/nidas.dev/nidas.dev/src/components/structure/header.js [5ms]
2024-06-22 13:55:21.691 [info] > git cat-file -s 2d795c8708360a46d76105e9ebc54037c37ffd30 [3ms]
2024-06-22 13:55:29.882 [info] > git config --get commit.template [8ms]
2024-06-22 13:55:29.884 [info] > git for-each-ref --format=%(refname)%00%(upstream:short)%00%(objectname)%00%(upstream:track)%00%(upstream:remotename)%00%(upstream:remoteref) refs/heads/dev refs/remotes/dev [2ms]
2024-06-22 13:55:29.891 [info] > git status -z -uall [2ms]
2024-06-22 13:55:42.376 [info] > git show --textconv :nidas.dev/src/components/layout/layout.js [17ms]
2024-06-22 13:55:42.379 [info] > git ls-files --stage -- /home/leo/Projects/nidas.dev/nidas.dev/src/components/layout/layout.js [4ms]
2024-06-22 13:55:42.393 [info] > git cat-file -s 82f35745b054155dc858a8cf971f70b1eee06d6f [4ms]
2024-06-22 13:55:43.895 [info] > git show --textconv :nidas.dev/src/themes/theme.js [9ms]
2024-06-22 13:55:43.897 [info] > git ls-files --stage -- /home/leo/Projects/nidas.dev/nidas.dev/src/themes/theme.js [2ms]
2024-06-22 13:55:43.907 [info] > git cat-file -s 0b1a4022bbbe2ff2b3051fe83388f9609ccd43c2 [3ms]
2024-06-22 13:55:47.131 [info] > git show --textconv :nidas.dev/src/components/structure/drawer.js [9ms]
2024-06-22 13:55:47.133 [info] > git ls-files --stage -- /home/leo/Projects/nidas.dev/nidas.dev/src/components/structure/drawer.js [3ms]
2024-06-22 13:55:47.143 [info] > git cat-file -s 20b475be4074cfedecbf86e71d9b9001df7f6d00 [2ms]
2024-06-22 13:55:48.459 [info] > git show --textconv :nidas.dev/src/components/layout/layout.js [9ms]
2024-06-22 13:55:48.460 [info] > git ls-files --stage -- /home/leo/Projects/nidas.dev/nidas.dev/src/components/layout/layout.js [2ms]
2024-06-22 13:55:48.468 [info] > git cat-file -s 82f35745b054155dc858a8cf971f70b1eee06d6f [1ms]
2024-06-22 13:55:50.394 [info] > git show --textconv :nidas.dev/src/components/structure/header.js [7ms]
2024-06-22 13:55:50.395 [info] > git ls-files --stage -- /home/leo/Projects/nidas.dev/nidas.dev/src/components/structure/header.js [2ms]
2024-06-22 13:55:50.401 [info] > git cat-file -s 2d795c8708360a46d76105e9ebc54037c37ffd30 [2ms]
2024-06-22 13:55:53.648 [info] > git config --get commit.template [15ms]
2024-06-22 13:55:53.651 [info] > git for-each-ref --format=%(refname)%00%(upstream:short)%00%(objectname)%00%(upstream:track)%00%(upstream:remotename)%00%(upstream:remoteref) refs/heads/dev refs/remotes/dev [5ms]
2024-06-22 13:55:53.671 [info] > git status -z -uall [6ms]
2024-06-22 13:55:58.707 [info] > git config --get commit.template [16ms]
2024-06-22 13:55:58.710 [info] > git for-each-ref --format=%(refname)%00%(upstream:short)%00%(objectname)%00%(upstream:track)%00%(upstream:remotename)%00%(upstream:remoteref) refs/heads/dev refs/remotes/dev [4ms]
2024-06-22 13:55:58.732 [info] > git status -z -uall [7ms]
2024-06-22 13:56:01.675 [info] > git show --textconv :nidas.dev/src/themes/theme.js [6ms]
2024-06-22 13:56:01.677 [info] > git ls-files --stage -- /home/leo/Projects/nidas.dev/nidas.dev/src/themes/theme.js [2ms]
2024-06-22 13:56:01.684 [info] > git cat-file -s 0b1a4022bbbe2ff2b3051fe83388f9609ccd43c2 [2ms]
2024-06-22 13:56:09.580 [info] > git config --get commit.template [17ms]
2024-06-22 13:56:09.583 [info] > git for-each-ref --format=%(refname)%00%(upstream:short)%00%(objectname)%00%(upstream:track)%00%(upstream:remotename)%00%(upstream:remoteref) refs/heads/dev refs/remotes/dev [5ms]
2024-06-22 13:56:09.606 [info] > git status -z -uall [7ms]
2024-06-22 13:56:11.599 [info] > git show --textconv :nidas.dev/src/components/structure/drawer.js [13ms]
2024-06-22 13:56:11.600 [info] > git ls-files --stage -- /home/leo/Projects/nidas.dev/nidas.dev/src/components/structure/drawer.js [2ms]
2024-06-22 13:56:11.609 [info] > git cat-file -s 20b475be4074cfedecbf86e71d9b9001df7f6d00 [2ms]
2024-06-22 13:56:13.256 [info] > git show --textconv :nidas.dev/src/components/structure/header.js [9ms]
2024-06-22 13:56:13.257 [info] > git ls-files --stage -- /home/leo/Projects/nidas.dev/nidas.dev/src/components/structure/header.js [2ms]
2024-06-22 13:56:13.265 [info] > git cat-file -s 2d795c8708360a46d76105e9ebc54037c37ffd30 [3ms]
2024-06-22 13:56:16.576 [info] > git config --get commit.template [15ms]
2024-06-22 13:56:16.579 [info] > git for-each-ref --format=%(refname)%00%(upstream:short)%00%(objectname)%00%(upstream:track)%00%(upstream:remotename)%00%(upstream:remoteref) refs/heads/dev refs/remotes/dev [5ms]
2024-06-22 13:56:16.600 [info] > git status -z -uall [6ms]
2024-06-22 13:56:21.634 [info] > git config --get commit.template [14ms]
2024-06-22 13:56:21.638 [info] > git for-each-ref --format=%(refname)%00%(upstream:short)%00%(objectname)%00%(upstream:track)%00%(upstream:remotename)%00%(upstream:remoteref) refs/heads/dev refs/remotes/dev [5ms]
2024-06-22 13:56:21.659 [info] > git status -z -uall [7ms]
2024-06-22 13:56:22.041 [info] > git show --textconv :nidas.dev/src/index.js [12ms]
2024-06-22 13:56:22.042 [info] > git ls-files --stage -- /home/leo/Projects/nidas.dev/nidas.dev/src/index.js [2ms]
2024-06-22 13:56:22.051 [info] > git cat-file -s e2b1a56d8a8482a3249d4e7a5c02662225428546 [2ms]
2024-06-22 13:56:23.559 [info] > git show --textconv :nidas.dev/src/themes/theme.js [11ms]
2024-06-22 13:56:23.561 [info] > git ls-files --stage -- /home/leo/Projects/nidas.dev/nidas.dev/src/themes/theme.js [3ms]
2024-06-22 13:56:23.573 [info] > git cat-file -s 0b1a4022bbbe2ff2b3051fe83388f9609ccd43c2 [3ms]
2024-06-22 13:56:26.693 [info] > git config --get commit.template [15ms]
2024-06-22 13:56:26.696 [info] > git for-each-ref --format=%(refname)%00%(upstream:short)%00%(objectname)%00%(upstream:track)%00%(upstream:remotename)%00%(upstream:remoteref) refs/heads/dev refs/remotes/dev [5ms]
2024-06-22 13:56:26.718 [info] > git status -z -uall [7ms]
2024-06-22 13:56:27.330 [info] > git show --textconv :nidas.dev/src/index.js [16ms]
2024-06-22 13:56:27.336 [info] > git ls-files --stage -- /home/leo/Projects/nidas.dev/nidas.dev/src/index.js [8ms]
2024-06-22 13:56:27.351 [info] > git cat-file -s e2b1a56d8a8482a3249d4e7a5c02662225428546 [4ms]
2024-06-22 13:56:28.443 [info] > git show --textconv :nidas.dev/src/components/structure/header.js [10ms]
2024-06-22 13:56:28.444 [info] > git ls-files --stage -- /home/leo/Projects/nidas.dev/nidas.dev/src/components/structure/header.js [2ms]
2024-06-22 13:56:28.452 [info] > git cat-file -s 2d795c8708360a46d76105e9ebc54037c37ffd30 [2ms]
2024-06-22 13:56:32.736 [info] > git config --get commit.template [3ms]
2024-06-22 13:56:32.737 [info] > git for-each-ref --format=%(refname)%00%(upstream:short)%00%(objectname)%00%(upstream:track)%00%(upstream:remotename)%00%(upstream:remoteref) refs/heads/dev refs/remotes/dev [1ms]
2024-06-22 13:56:32.742 [info] > git status -z -uall [2ms]
2024-06-22 13:56:37.751 [info] > git config --get commit.template [4ms]
2024-06-22 13:56:37.752 [info] > git for-each-ref --format=%(refname)%00%(upstream:short)%00%(objectname)%00%(upstream:track)%00%(upstream:remotename)%00%(upstream:remoteref) refs/heads/dev refs/remotes/dev [1ms]
2024-06-22 13:56:37.757 [info] > git status -z -uall [1ms]
2024-06-22 13:56:42.794 [info] > git config --get commit.template [17ms]
2024-06-22 13:56:42.797 [info] > git for-each-ref --format=%(refname)%00%(upstream:short)%00%(objectname)%00%(upstream:track)%00%(upstream:remotename)%00%(upstream:remoteref) refs/heads/dev refs/remotes/dev [4ms]
2024-06-22 13:56:42.818 [info] > git status -z -uall [7ms]
2024-06-22 17:59:04.993 [info] > git show --textconv :nidas.dev/src/themes/theme.js [13ms]
2024-06-22 17:59:04.994 [info] > git ls-files --stage -- /home/leo/Projects/nidas.dev/nidas.dev/src/themes/theme.js [2ms]
2024-06-22 17:59:05.002 [info] > git cat-file -s 0b1a4022bbbe2ff2b3051fe83388f9609ccd43c2 [1ms]
2024-06-22 18:01:39.365 [info] > git show --textconv :nidas.dev/src/pages/App.js [13ms]
2024-06-22 18:01:39.367 [info] > git ls-files --stage -- /home/leo/Projects/nidas.dev/nidas.dev/src/pages/App.js [3ms]
2024-06-22 18:01:39.381 [info] > git cat-file -s 37be721f5be423407cf4bb5b10472a3bdd2c9c30 [4ms]
2024-06-22 18:01:46.418 [info] > git show --textconv :nidas.dev/src/themes/theme.js [14ms]
2024-06-22 18:01:46.420 [info] > git ls-files --stage -- /home/leo/Projects/nidas.dev/nidas.dev/src/themes/theme.js [2ms]
2024-06-22 18:01:46.429 [info] > git cat-file -s 0b1a4022bbbe2ff2b3051fe83388f9609ccd43c2 [2ms]
2024-06-22 18:01:56.402 [info] > git show --textconv :nidas.dev/src/pages/App.js [14ms]
2024-06-22 18:01:56.406 [info] > git ls-files --stage -- /home/leo/Projects/nidas.dev/nidas.dev/src/pages/App.js [5ms]
2024-06-22 18:01:56.417 [info] > git cat-file -s 37be721f5be423407cf4bb5b10472a3bdd2c9c30 [2ms]
2024-06-22 18:02:00.172 [info] > git show --textconv :nidas.dev/src/index.js [11ms]
2024-06-22 18:02:00.174 [info] > git ls-files --stage -- /home/leo/Projects/nidas.dev/nidas.dev/src/index.js [3ms]
2024-06-22 18:02:00.186 [info] > git cat-file -s e2b1a56d8a8482a3249d4e7a5c02662225428546 [3ms]
2024-06-22 18:02:02.012 [info] > git show --textconv :nidas.dev/src/components/structure/header.js [6ms]
2024-06-22 18:02:02.013 [info] > git ls-files --stage -- /home/leo/Projects/nidas.dev/nidas.dev/src/components/structure/header.js [2ms]
2024-06-22 18:02:02.019 [info] > git cat-file -s 2d795c8708360a46d76105e9ebc54037c37ffd30 [2ms]
2024-06-22 18:02:09.662 [info] > git show --textconv :nidas.dev/src/components/structure/drawer.js [7ms]
2024-06-22 18:02:09.663 [info] > git ls-files --stage -- /home/leo/Projects/nidas.dev/nidas.dev/src/components/structure/drawer.js [2ms]
2024-06-22 18:02:09.670 [info] > git cat-file -s 20b475be4074cfedecbf86e71d9b9001df7f6d00 [1ms]
2024-06-22 18:02:14.376 [info] > git show --textconv :nidas.dev/src/components/layout/layout.js [13ms]
2024-06-22 18:02:14.377 [info] > git ls-files --stage -- /home/leo/Projects/nidas.dev/nidas.dev/src/components/layout/layout.js [2ms]
2024-06-22 18:02:14.386 [info] > git cat-file -s 82f35745b054155dc858a8cf971f70b1eee06d6f [1ms]
2024-06-22 18:02:20.732 [info] > git show --textconv :nidas.dev/src/pages/App.js [11ms]
2024-06-22 18:02:20.733 [info] > git ls-files --stage -- /home/leo/Projects/nidas.dev/nidas.dev/src/pages/App.js [2ms]
2024-06-22 18:02:20.741 [info] > git cat-file -s 37be721f5be423407cf4bb5b10472a3bdd2c9c30 [1ms]
2024-06-22 18:02:22.024 [info] > git show --textconv :nidas.dev/src/index.js [17ms]
2024-06-22 18:02:22.028 [info] > git ls-files --stage -- /home/leo/Projects/nidas.dev/nidas.dev/src/index.js [5ms]
2024-06-22 18:02:22.036 [info] > git cat-file -s e2b1a56d8a8482a3249d4e7a5c02662225428546 [2ms]
2024-06-22 18:02:33.873 [info] > git config --get commit.template [9ms]
2024-06-22 18:02:33.873 [info] > git for-each-ref --format=%(refname)%00%(upstream:short)%00%(objectname)%00%(upstream:track)%00%(upstream:remotename)%00%(upstream:remoteref) refs/heads/dev refs/remotes/dev [1ms]
2024-06-22 18:02:33.881 [info] > git status -z -uall [2ms]
2024-06-22 18:02:37.896 [info] > git show --textconv :nidas.dev/src/pages/App.js [17ms]
2024-06-22 18:02:37.898 [info] > git ls-files --stage -- /home/leo/Projects/nidas.dev/nidas.dev/src/pages/App.js [3ms]
2024-06-22 18:02:37.907 [info] > git cat-file -s 37be721f5be423407cf4bb5b10472a3bdd2c9c30 [2ms]
2024-06-22 18:02:40.416 [info] > git show --textconv :nidas.dev/src/pages/construction.js [17ms]
2024-06-22 18:02:40.418 [info] > git ls-files --stage -- /home/leo/Projects/nidas.dev/nidas.dev/src/pages/construction.js [3ms]
2024-06-22 18:02:40.428 [info] > git cat-file -s 7ef35a34649d9a930e12fa10d1f9db20693945da [3ms]
2024-06-22 18:03:03.593 [info] > git config --get commit.template [16ms]
2024-06-22 18:03:03.596 [info] > git for-each-ref --format=%(refname)%00%(upstream:short)%00%(objectname)%00%(upstream:track)%00%(upstream:remotename)%00%(upstream:remoteref) refs/heads/dev refs/remotes/dev [4ms]
2024-06-22 18:03:03.607 [info] > git status -z -uall [3ms]
2024-06-22 18:03:18.198 [info] > git config --get commit.template [15ms]
2024-06-22 18:03:18.202 [info] > git for-each-ref --format=%(refname)%00%(upstream:short)%00%(objectname)%00%(upstream:track)%00%(upstream:remotename)%00%(upstream:remoteref) refs/heads/dev refs/remotes/dev [5ms]
2024-06-22 18:03:18.222 [info] > git status -z -uall [6ms]
2024-06-22 18:03:40.574 [info] > git config --get commit.template [15ms]
2024-06-22 18:03:40.577 [info] > git for-each-ref --format=%(refname)%00%(upstream:short)%00%(objectname)%00%(upstream:track)%00%(upstream:remotename)%00%(upstream:remoteref) refs/heads/dev refs/remotes/dev [4ms]
2024-06-22 18:03:40.598 [info] > git status -z -uall [7ms]
2024-06-22 18:03:48.752 [info] > git config --get commit.template [15ms]
2024-06-22 18:03:48.755 [info] > git for-each-ref --format=%(refname)%00%(upstream:short)%00%(objectname)%00%(upstream:track)%00%(upstream:remotename)%00%(upstream:remoteref) refs/heads/dev refs/remotes/dev [4ms]
2024-06-22 18:03:48.775 [info] > git status -z -uall [7ms]
2024-06-22 18:03:58.921 [info] > git config --get commit.template [15ms]
2024-06-22 18:03:58.924 [info] > git for-each-ref --format=%(refname)%00%(upstream:short)%00%(objectname)%00%(upstream:track)%00%(upstream:remotename)%00%(upstream:remoteref) refs/heads/dev refs/remotes/dev [5ms]
2024-06-22 18:03:58.945 [info] > git status -z -uall [7ms]
2024-06-22 18:04:19.157 [info] > git show --textconv :nidas.dev/src/components/structure/footer.js [4ms]
2024-06-22 18:04:19.158 [info] > git ls-files --stage -- /home/leo/Projects/nidas.dev/nidas.dev/src/components/structure/footer.js [1ms]
2024-06-22 18:04:19.162 [info] > git cat-file -s 271fe1ed578d928f0461f4b87a555e04515a5f07 [1ms]
2024-06-22 18:04:39.932 [info] > git config --get commit.template [17ms]
2024-06-22 18:04:39.935 [info] > git for-each-ref --format=%(refname)%00%(upstream:short)%00%(objectname)%00%(upstream:track)%00%(upstream:remotename)%00%(upstream:remoteref) refs/heads/dev refs/remotes/dev [5ms]
2024-06-22 18:04:39.956 [info] > git status -z -uall [7ms]
2024-06-22 18:05:06.929 [info] > git config --get commit.template [15ms]
2024-06-22 18:05:06.932 [info] > git for-each-ref --format=%(refname)%00%(upstream:short)%00%(objectname)%00%(upstream:track)%00%(upstream:remotename)%00%(upstream:remoteref) refs/heads/dev refs/remotes/dev [4ms]
2024-06-22 18:05:06.953 [info] > git status -z -uall [7ms]
2024-06-22 18:06:07.819 [info] > git config --get commit.template [15ms]
2024-06-22 18:06:07.823 [info] > git for-each-ref --format=%(refname)%00%(upstream:short)%00%(objectname)%00%(upstream:track)%00%(upstream:remotename)%00%(upstream:remoteref) refs/heads/dev refs/remotes/dev [5ms]
2024-06-22 18:06:07.840 [info] > git status -z -uall [5ms]
2024-06-22 18:06:12.873 [info] > git config --get commit.template [15ms]
2024-06-22 18:06:12.876 [info] > git for-each-ref --format=%(refname)%00%(upstream:short)%00%(objectname)%00%(upstream:track)%00%(upstream:remotename)%00%(upstream:remoteref) refs/heads/dev refs/remotes/dev [5ms]
2024-06-22 18:06:12.893 [info] > git status -z -uall [4ms]
2024-06-22 18:06:17.928 [info] > git config --get commit.template [17ms]
2024-06-22 18:06:17.930 [info] > git for-each-ref --format=%(refname)%00%(upstream:short)%00%(objectname)%00%(upstream:track)%00%(upstream:remotename)%00%(upstream:remoteref) refs/heads/dev refs/remotes/dev [5ms]
2024-06-22 18:06:17.950 [info] > git status -z -uall [6ms]
2024-06-22 18:06:29.178 [info] > git config --get commit.template [15ms]
2024-06-22 18:06:29.181 [info] > git for-each-ref --format=%(refname)%00%(upstream:short)%00%(objectname)%00%(upstream:track)%00%(upstream:remotename)%00%(upstream:remoteref) refs/heads/dev refs/remotes/dev [4ms]
2024-06-22 18:06:29.202 [info] > git status -z -uall [7ms]
2024-06-22 18:06:49.994 [info] > git show --textconv :nidas.dev/src/components/structure/drawer.js [10ms]
2024-06-22 18:06:49.996 [info] > git ls-files --stage -- /home/leo/Projects/nidas.dev/nidas.dev/src/components/structure/drawer.js [3ms]
2024-06-22 18:06:50.006 [info] > git cat-file -s 20b475be4074cfedecbf86e71d9b9001df7f6d00 [2ms]
2024-06-22 18:07:14.289 [info] > git config --get commit.template [9ms]
2024-06-22 18:07:14.290 [info] > git for-each-ref --format=%(refname)%00%(upstream:short)%00%(objectname)%00%(upstream:track)%00%(upstream:remotename)%00%(upstream:remoteref) refs/heads/dev refs/remotes/dev [2ms]
2024-06-22 18:07:14.298 [info] > git status -z -uall [2ms]
2024-06-22 18:07:42.038 [info] > git config --get commit.template [10ms]
2024-06-22 18:07:42.039 [info] > git for-each-ref --format=%(refname)%00%(upstream:short)%00%(objectname)%00%(upstream:track)%00%(upstream:remotename)%00%(upstream:remoteref) refs/heads/dev refs/remotes/dev [2ms]
2024-06-22 18:07:42.047 [info] > git status -z -uall [2ms]
2024-06-22 18:07:54.638 [info] > git config --get commit.template [4ms]
2024-06-22 18:07:54.657 [info] > git for-each-ref --format=%(refname)%00%(upstream:short)%00%(objectname)%00%(upstream:track)%00%(upstream:remotename)%00%(upstream:remoteref) refs/heads/dev refs/remotes/dev [6ms]
2024-06-22 18:07:54.674 [info] > git status -z -uall [5ms]
2024-06-22 18:07:59.709 [info] > git config --get commit.template [16ms]
2024-06-22 18:07:59.712 [info] > git for-each-ref --format=%(refname)%00%(upstream:short)%00%(objectname)%00%(upstream:track)%00%(upstream:remotename)%00%(upstream:remoteref) refs/heads/dev refs/remotes/dev [5ms]
2024-06-22 18:07:59.735 [info] > git status -z -uall [7ms]
2024-06-22 18:08:37.757 [info] > git config --get commit.template [16ms]
2024-06-22 18:08:37.760 [info] > git for-each-ref --format=%(refname)%00%(upstream:short)%00%(objectname)%00%(upstream:track)%00%(upstream:remotename)%00%(upstream:remoteref) refs/heads/dev refs/remotes/dev [5ms]
2024-06-22 18:08:37.780 [info] > git status -z -uall [6ms]
2024-06-22 18:08:53.537 [info] > git config --get commit.template [15ms]
2024-06-22 18:08:53.539 [info] > git for-each-ref --format=%(refname)%00%(upstream:short)%00%(objectname)%00%(upstream:track)%00%(upstream:remotename)%00%(upstream:remoteref) refs/heads/dev refs/remotes/dev [4ms]
2024-06-22 18:08:53.553 [info] > git status -z -uall [4ms]
2024-06-22 18:09:13.962 [info] > git config --get commit.template [15ms]
2024-06-22 18:09:13.966 [info] > git for-each-ref --format=%(refname)%00%(upstream:short)%00%(objectname)%00%(upstream:track)%00%(upstream:remotename)%00%(upstream:remoteref) refs/heads/dev refs/remotes/dev [5ms]
2024-06-22 18:09:13.986 [info] > git status -z -uall [7ms]
2024-06-22 18:09:47.726 [info] > git show --textconv :nidas.dev/src/themes/theme.js [14ms]
2024-06-22 18:09:47.730 [info] > git ls-files --stage -- /home/leo/Projects/nidas.dev/nidas.dev/src/themes/theme.js [5ms]
2024-06-22 18:09:47.740 [info] > git cat-file -s 0b1a4022bbbe2ff2b3051fe83388f9609ccd43c2 [3ms]
2024-06-22 18:10:38.895 [info] > git show --textconv :nidas.dev/src/pages/construction.js [5ms]
2024-06-22 18:10:38.895 [info] > git ls-files --stage -- /home/leo/Projects/nidas.dev/nidas.dev/src/pages/construction.js [1ms]
2024-06-22 18:10:38.900 [info] > git cat-file -s 7ef35a34649d9a930e12fa10d1f9db20693945da [1ms]
2024-06-22 18:10:40.079 [info] > git show --textconv :nidas.dev/src/components/structure/footer.js [14ms]
2024-06-22 18:10:40.080 [info] > git ls-files --stage -- /home/leo/Projects/nidas.dev/nidas.dev/src/components/structure/footer.js [2ms]
2024-06-22 18:10:40.089 [info] > git cat-file -s 271fe1ed578d928f0461f4b87a555e04515a5f07 [2ms]
2024-06-22 18:10:41.958 [info] > git show --textconv :nidas.dev/src/index.js [5ms]
2024-06-22 18:10:41.959 [info] > git ls-files --stage -- /home/leo/Projects/nidas.dev/nidas.dev/src/index.js [1ms]
2024-06-22 18:10:41.963 [info] > git cat-file -s e2b1a56d8a8482a3249d4e7a5c02662225428546 [1ms]
2024-06-22 18:10:43.559 [info] > git show --textconv :nidas.dev/src/components/structure/header.js [15ms]
2024-06-22 18:10:43.561 [info] > git ls-files --stage -- /home/leo/Projects/nidas.dev/nidas.dev/src/components/structure/header.js [3ms]
2024-06-22 18:10:43.576 [info] > git cat-file -s 2d795c8708360a46d76105e9ebc54037c37ffd30 [3ms]
2024-06-22 18:10:45.696 [info] > git show --textconv :nidas.dev/src/themes/theme.js [14ms]
2024-06-22 18:10:45.697 [info] > git ls-files --stage -- /home/leo/Projects/nidas.dev/nidas.dev/src/themes/theme.js [2ms]
2024-06-22 18:10:45.711 [info] > git cat-file -s 0b1a4022bbbe2ff2b3051fe83388f9609ccd43c2 [4ms]
2024-06-22 18:10:48.827 [info] > git show --textconv :nidas.dev/src/pages/App.js [13ms]
2024-06-22 18:10:48.828 [info] > git ls-files --stage -- /home/leo/Projects/nidas.dev/nidas.dev/src/pages/App.js [4ms]
2024-06-22 18:10:48.840 [info] > git cat-file -s 37be721f5be423407cf4bb5b10472a3bdd2c9c30 [3ms]
2024-06-22 18:10:54.199 [info] > git show --textconv :nidas.dev/src/components/structure/drawer.js [11ms]
2024-06-22 18:10:54.201 [info] > git ls-files --stage -- /home/leo/Projects/nidas.dev/nidas.dev/src/components/structure/drawer.js [3ms]
2024-06-22 18:10:54.213 [info] > git cat-file -s 20b475be4074cfedecbf86e71d9b9001df7f6d00 [3ms]
2024-06-22 18:11:02.852 [info] > git config --get commit.template [8ms]
2024-06-22 18:11:02.854 [info] > git for-each-ref --format=%(refname)%00%(upstream:short)%00%(objectname)%00%(upstream:track)%00%(upstream:remotename)%00%(upstream:remoteref) refs/heads/dev refs/remotes/dev [3ms]
2024-06-22 18:11:02.861 [info] > git status -z -uall [2ms]
2024-06-22 18:11:18.960 [info] > git show --textconv :nidas.dev/src/themes/theme.js [14ms]
2024-06-22 18:11:18.961 [info] > git ls-files --stage -- /home/leo/Projects/nidas.dev/nidas.dev/src/themes/theme.js [2ms]
2024-06-22 18:11:18.970 [info] > git cat-file -s 0b1a4022bbbe2ff2b3051fe83388f9609ccd43c2 [2ms]
2024-06-22 18:11:33.070 [info] > git config --get commit.template [9ms]
2024-06-22 18:11:33.071 [info] > git for-each-ref --format=%(refname)%00%(upstream:short)%00%(objectname)%00%(upstream:track)%00%(upstream:remotename)%00%(upstream:remoteref) refs/heads/dev refs/remotes/dev [2ms]
2024-06-22 18:11:33.079 [info] > git status -z -uall [1ms]
2024-06-22 18:11:44.439 [info] > git show --textconv :nidas.dev/src/components/structure/drawer.js [5ms]
2024-06-22 18:11:44.440 [info] > git ls-files --stage -- /home/leo/Projects/nidas.dev/nidas.dev/src/components/structure/drawer.js [1ms]
2024-06-22 18:11:44.447 [info] > git cat-file -s 20b475be4074cfedecbf86e71d9b9001df7f6d00 [2ms]
2024-06-22 18:11:59.506 [info] > git config --get commit.template [7ms]
2024-06-22 18:11:59.507 [info] > git for-each-ref --format=%(refname)%00%(upstream:short)%00%(objectname)%00%(upstream:track)%00%(upstream:remotename)%00%(upstream:remoteref) refs/heads/dev refs/remotes/dev [2ms]
2024-06-22 18:11:59.514 [info] > git status -z -uall [2ms]
2024-06-22 18:12:08.343 [info] > git config --get commit.template [16ms]
2024-06-22 18:12:08.346 [info] > git for-each-ref --format=%(refname)%00%(upstream:short)%00%(objectname)%00%(upstream:track)%00%(upstream:remotename)%00%(upstream:remoteref) refs/heads/dev refs/remotes/dev [5ms]
2024-06-22 18:12:08.368 [info] > git status -z -uall [7ms]
2024-06-22 18:12:15.708 [info] > git config --get commit.template [16ms]
2024-06-22 18:12:15.711 [info] > git for-each-ref --format=%(refname)%00%(upstream:short)%00%(objectname)%00%(upstream:track)%00%(upstream:remotename)%00%(upstream:remoteref) refs/heads/dev refs/remotes/dev [4ms]
2024-06-22 18:12:15.732 [info] > git status -z -uall [6ms]
2024-06-22 18:12:23.506 [info] > git show --textconv :nidas.dev/src/components/structure/header.js [16ms]
2024-06-22 18:12:23.508 [info] > git ls-files --stage -- /home/leo/Projects/nidas.dev/nidas.dev/src/components/structure/header.js [3ms]
2024-06-22 18:12:23.518 [info] > git cat-file -s 2d795c8708360a46d76105e9ebc54037c37ffd30 [3ms]
2024-06-22 18:12:29.796 [info] > git config --get commit.template [6ms]
2024-06-22 18:12:29.798 [info] > git for-each-ref --format=%(refname)%00%(upstream:short)%00%(objectname)%00%(upstream:track)%00%(upstream:remotename)%00%(upstream:remoteref) refs/heads/dev refs/remotes/dev [1ms]
2024-06-22 18:12:29.805 [info] > git status -z -uall [2ms]
2024-06-22 18:13:46.908 [info] > git show --textconv :nidas.dev/src/components/structure/footer.js [6ms]
2024-06-22 18:13:46.909 [info] > git ls-files --stage -- /home/leo/Projects/nidas.dev/nidas.dev/src/components/structure/footer.js [2ms]
2024-06-22 18:13:46.914 [info] > git cat-file -s 271fe1ed578d928f0461f4b87a555e04515a5f07 [1ms]
2024-06-22 18:14:56.660 [info] > git config --get commit.template [7ms]
2024-06-22 18:14:56.661 [info] > git for-each-ref --format=%(refname)%00%(upstream:short)%00%(objectname)%00%(upstream:track)%00%(upstream:remotename)%00%(upstream:remoteref) refs/heads/dev refs/remotes/dev [2ms]
2024-06-22 18:14:56.669 [info] > git status -z -uall [2ms]
2024-06-22 18:15:25.783 [info] > git config --get commit.template [7ms]
2024-06-22 18:15:25.784 [info] > git for-each-ref --format=%(refname)%00%(upstream:short)%00%(objectname)%00%(upstream:track)%00%(upstream:remotename)%00%(upstream:remoteref) refs/heads/dev refs/remotes/dev [2ms]
2024-06-22 18:15:25.791 [info] > git status -z -uall [2ms]
2024-06-22 18:17:02.113 [info] > git config --get commit.template [5ms]
2024-06-22 18:17:02.113 [info] > git for-each-ref --format=%(refname)%00%(upstream:short)%00%(objectname)%00%(upstream:track)%00%(upstream:remotename)%00%(upstream:remoteref) refs/heads/dev refs/remotes/dev [1ms]
2024-06-22 18:17:02.119 [info] > git status -z -uall [1ms]
2024-06-22 18:19:23.386 [info] > git config --get commit.template [6ms]
2024-06-22 18:19:23.386 [info] > git for-each-ref --format=%(refname)%00%(upstream:short)%00%(objectname)%00%(upstream:track)%00%(upstream:remotename)%00%(upstream:remoteref) refs/heads/dev refs/remotes/dev [1ms]
2024-06-22 18:19:23.391 [info] > git status -z -uall [1ms]
2024-06-22 18:24:52.930 [info] > git config --get commit.template [8ms]
2024-06-22 18:24:52.931 [info] > git for-each-ref --format=%(refname)%00%(upstream:short)%00%(objectname)%00%(upstream:track)%00%(upstream:remotename)%00%(upstream:remoteref) refs/heads/dev refs/remotes/dev [2ms]
2024-06-22 18:24:52.940 [info] > git status -z -uall [2ms]
2024-06-22 18:25:02.765 [info] > git config --get commit.template [14ms]
2024-06-22 18:25:02.768 [info] > git for-each-ref --format=%(refname)%00%(upstream:short)%00%(objectname)%00%(upstream:track)%00%(upstream:remotename)%00%(upstream:remoteref) refs/heads/dev refs/remotes/dev [5ms]
2024-06-22 18:25:02.789 [info] > git status -z -uall [7ms]
2024-06-22 18:27:47.561 [info] > git config --get commit.template [16ms]
2024-06-22 18:27:47.564 [info] > git for-each-ref --format=%(refname)%00%(upstream:short)%00%(objectname)%00%(upstream:track)%00%(upstream:remotename)%00%(upstream:remoteref) refs/heads/dev refs/remotes/dev [4ms]
2024-06-22 18:27:47.584 [info] > git status -z -uall [7ms]
2024-06-22 18:28:03.032 [info] > git config --get commit.template [15ms]
2024-06-22 18:28:03.036 [info] > git for-each-ref --format=%(refname)%00%(upstream:short)%00%(objectname)%00%(upstream:track)%00%(upstream:remotename)%00%(upstream:remoteref) refs/heads/dev refs/remotes/dev [5ms]
2024-06-22 18:28:03.057 [info] > git status -z -uall [7ms]
2024-06-22 18:30:32.525 [info] > git config --get commit.template [1ms]
2024-06-22 18:30:32.540 [info] > git for-each-ref --format=%(refname)%00%(upstream:short)%00%(objectname)%00%(upstream:track)%00%(upstream:remotename)%00%(upstream:remoteref) refs/heads/dev refs/remotes/dev [3ms]
2024-06-22 18:30:32.549 [info] > git status -z -uall [3ms]
2024-06-22 18:32:36.110 [info] > git config --get commit.template [9ms]
2024-06-22 18:32:36.112 [info] > git for-each-ref --format=%(refname)%00%(upstream:short)%00%(objectname)%00%(upstream:track)%00%(upstream:remotename)%00%(upstream:remoteref) refs/heads/dev refs/remotes/dev [2ms]
2024-06-22 18:32:36.121 [info] > git status -z -uall [3ms]
2024-06-22 18:33:44.962 [info] > git config --get commit.template [14ms]
2024-06-22 18:33:44.965 [info] > git for-each-ref --format=%(refname)%00%(upstream:short)%00%(objectname)%00%(upstream:track)%00%(upstream:remotename)%00%(upstream:remoteref) refs/heads/dev refs/remotes/dev [4ms]
2024-06-22 18:33:44.985 [info] > git status -z -uall [6ms]
2024-06-22 18:34:21.245 [info] > git config --get commit.template [15ms]
2024-06-22 18:34:21.248 [info] > git for-each-ref --format=%(refname)%00%(upstream:short)%00%(objectname)%00%(upstream:track)%00%(upstream:remotename)%00%(upstream:remoteref) refs/heads/dev refs/remotes/dev [4ms]
2024-06-22 18:34:21.269 [info] > git status -z -uall [7ms]
2024-06-22 18:34:27.628 [info] > git config --get commit.template [16ms]
2024-06-22 18:34:27.631 [info] > git for-each-ref --format=%(refname)%00%(upstream:short)%00%(objectname)%00%(upstream:track)%00%(upstream:remotename)%00%(upstream:remoteref) refs/heads/dev refs/remotes/dev [5ms]
2024-06-22 18:34:27.652 [info] > git status -z -uall [6ms]
2024-06-22 18:34:56.918 [info] > git config --get commit.template [15ms]
2024-06-22 18:34:56.922 [info] > git for-each-ref --format=%(refname)%00%(upstream:short)%00%(objectname)%00%(upstream:track)%00%(upstream:remotename)%00%(upstream:remoteref) refs/heads/dev refs/remotes/dev [5ms]
2024-06-22 18:34:56.942 [info] > git status -z -uall [7ms]
2024-06-22 18:35:03.974 [info] > git config --get commit.template [7ms]
2024-06-22 18:35:03.975 [info] > git for-each-ref --format=%(refname)%00%(upstream:short)%00%(objectname)%00%(upstream:track)%00%(upstream:remotename)%00%(upstream:remoteref) refs/heads/dev refs/remotes/dev [2ms]
2024-06-22 18:35:03.982 [info] > git status -z -uall [2ms]
2024-06-22 18:36:06.960 [info] > git config --get commit.template [16ms]
2024-06-22 18:36:06.964 [info] > git for-each-ref --format=%(refname)%00%(upstream:short)%00%(objectname)%00%(upstream:track)%00%(upstream:remotename)%00%(upstream:remoteref) refs/heads/dev refs/remotes/dev [5ms]
2024-06-22 18:36:06.985 [info] > git status -z -uall [6ms]
2024-06-22 18:37:06.199 [info] > git config --get commit.template [5ms]
2024-06-22 18:37:06.200 [info] > git for-each-ref --format=%(refname)%00%(upstream:short)%00%(objectname)%00%(upstream:track)%00%(upstream:remotename)%00%(upstream:remoteref) refs/heads/dev refs/remotes/dev [1ms]
2024-06-22 18:37:06.206 [info] > git status -z -uall [1ms]
2024-06-22 18:37:14.211 [info] > git config --get commit.template [16ms]
2024-06-22 18:37:14.214 [info] > git for-each-ref --format=%(refname)%00%(upstream:short)%00%(objectname)%00%(upstream:track)%00%(upstream:remotename)%00%(upstream:remoteref) refs/heads/dev refs/remotes/dev [5ms]
2024-06-22 18:37:14.235 [info] > git status -z -uall [7ms]
2024-06-22 18:37:43.254 [info] > git config --get commit.template [9ms]
2024-06-22 18:37:43.255 [info] > git for-each-ref --format=%(refname)%00%(upstream:short)%00%(objectname)%00%(upstream:track)%00%(upstream:remotename)%00%(upstream:remoteref) refs/heads/dev refs/remotes/dev [2ms]
2024-06-22 18:37:43.265 [info] > git status -z -uall [3ms]
2024-06-22 18:37:55.973 [info] > git config --get commit.template [10ms]
2024-06-22 18:37:55.975 [info] > git for-each-ref --format=%(refname)%00%(upstream:short)%00%(objectname)%00%(upstream:track)%00%(upstream:remotename)%00%(upstream:remoteref) refs/heads/dev refs/remotes/dev [2ms]
2024-06-22 18:37:55.985 [info] > git status -z -uall [2ms]
2024-06-22 18:38:16.767 [info] > git config --get commit.template [10ms]
2024-06-22 18:38:16.768 [info] > git for-each-ref --format=%(refname)%00%(upstream:short)%00%(objectname)%00%(upstream:track)%00%(upstream:remotename)%00%(upstream:remoteref) refs/heads/dev refs/remotes/dev [3ms]
2024-06-22 18:38:16.777 [info] > git status -z -uall [3ms]
2024-06-22 18:39:00.456 [info] > git show --textconv :nidas.dev/src/components/structure/header.js [10ms]
2024-06-22 18:39:00.457 [info] > git ls-files --stage -- /home/leo/Projects/nidas.dev/nidas.dev/src/components/structure/header.js [2ms]
2024-06-22 18:39:00.468 [info] > git cat-file -s 2d795c8708360a46d76105e9ebc54037c37ffd30 [3ms]
2024-06-22 18:39:05.801 [info] > git show --textconv :nidas.dev/src/components/structure/footer.js [13ms]
2024-06-22 18:39:05.801 [info] > git show --textconv :nidas.dev/src/components/structure/header.js [4ms]
2024-06-22 18:39:05.802 [info] > git ls-files --stage -- /home/leo/Projects/nidas.dev/nidas.dev/src/components/structure/footer.js [10ms]
2024-06-22 18:39:05.806 [info] > git ls-files --stage -- /home/leo/Projects/nidas.dev/nidas.dev/src/components/structure/header.js [5ms]
2024-06-22 18:39:05.810 [info] > git cat-file -s 271fe1ed578d928f0461f4b87a555e04515a5f07 [5ms]
2024-06-22 18:39:05.811 [info] > git cat-file -s 2d795c8708360a46d76105e9ebc54037c37ffd30 [1ms]
2024-06-22 18:40:02.288 [info] > git config --get commit.template [15ms]
2024-06-22 18:40:02.292 [info] > git for-each-ref --format=%(refname)%00%(upstream:short)%00%(objectname)%00%(upstream:track)%00%(upstream:remotename)%00%(upstream:remoteref) refs/heads/dev refs/remotes/dev [5ms]
2024-06-22 18:40:02.312 [info] > git status -z -uall [6ms]
2024-06-22 18:40:27.395 [info] > git config --get commit.template [16ms]
2024-06-22 18:40:27.398 [info] > git for-each-ref --format=%(refname)%00%(upstream:short)%00%(objectname)%00%(upstream:track)%00%(upstream:remotename)%00%(upstream:remoteref) refs/heads/dev refs/remotes/dev [5ms]
2024-06-22 18:40:27.420 [info] > git status -z -uall [6ms]
2024-06-22 18:40:36.340 [info] > git config --get commit.template [16ms]
2024-06-22 18:40:36.343 [info] > git for-each-ref --format=%(refname)%00%(upstream:short)%00%(objectname)%00%(upstream:track)%00%(upstream:remotename)%00%(upstream:remoteref) refs/heads/dev refs/remotes/dev [5ms]
2024-06-22 18:40:36.364 [info] > git status -z -uall [6ms]
2024-06-22 18:40:41.375 [info] > git config --get commit.template [3ms]
2024-06-22 18:40:41.376 [info] > git for-each-ref --format=%(refname)%00%(upstream:short)%00%(objectname)%00%(upstream:track)%00%(upstream:remotename)%00%(upstream:remoteref) refs/heads/dev refs/remotes/dev [1ms]
2024-06-22 18:40:41.381 [info] > git status -z -uall [1ms]
2024-06-22 18:40:46.392 [info] > git config --get commit.template [5ms]
2024-06-22 18:40:46.393 [info] > git for-each-ref --format=%(refname)%00%(upstream:short)%00%(objectname)%00%(upstream:track)%00%(upstream:remotename)%00%(upstream:remoteref) refs/heads/dev refs/remotes/dev [1ms]
2024-06-22 18:40:46.400 [info] > git status -z -uall [2ms]
2024-06-22 18:41:09.077 [info] > git config --get commit.template [16ms]
2024-06-22 18:41:09.079 [info] > git for-each-ref --format=%(refname)%00%(upstream:short)%00%(objectname)%00%(upstream:track)%00%(upstream:remotename)%00%(upstream:remoteref) refs/heads/dev refs/remotes/dev [5ms]
2024-06-22 18:41:09.100 [info] > git status -z -uall [7ms]
2024-06-22 18:41:50.132 [info] > git config --get commit.template [9ms]
2024-06-22 18:41:50.133 [info] > git for-each-ref --format=%(refname)%00%(upstream:short)%00%(objectname)%00%(upstream:track)%00%(upstream:remotename)%00%(upstream:remoteref) refs/heads/dev refs/remotes/dev [2ms]
2024-06-22 18:41:50.142 [info] > git status -z -uall [2ms]
2024-06-22 18:42:15.084 [info] > git show --textconv :nidas.dev/src/components/structure/drawer.js [11ms]
2024-06-22 18:42:15.086 [info] > git ls-files --stage -- /home/leo/Projects/nidas.dev/nidas.dev/src/components/structure/drawer.js [3ms]
2024-06-22 18:42:15.100 [info] > git cat-file -s 20b475be4074cfedecbf86e71d9b9001df7f6d00 [4ms]
2024-06-22 18:42:29.342 [info] > git config --get commit.template [16ms]
2024-06-22 18:42:29.346 [info] > git for-each-ref --format=%(refname)%00%(upstream:short)%00%(objectname)%00%(upstream:track)%00%(upstream:remotename)%00%(upstream:remoteref) refs/heads/dev refs/remotes/dev [4ms]
2024-06-22 18:42:29.367 [info] > git status -z -uall [7ms]
2024-06-22 18:43:17.231 [info] > git show --textconv :nidas.dev/src/components/structure/ColorModeSwitcher.js [4ms]
2024-06-22 18:43:17.232 [info] > git ls-files --stage -- /home/leo/Projects/nidas.dev/nidas.dev/src/components/structure/ColorModeSwitcher.js [1ms]
2024-06-22 18:43:17.237 [info] > git cat-file -s 700e859eff84c6fba3d2eb05598d9b06efd391e3 [1ms]
2024-06-22 18:43:29.928 [info] > git show --textconv :nidas.dev/src/components/structure/header.js [5ms]
2024-06-22 18:43:29.929 [info] > git ls-files --stage -- /home/leo/Projects/nidas.dev/nidas.dev/src/components/structure/header.js [1ms]
2024-06-22 18:43:29.934 [info] > git cat-file -s 2d795c8708360a46d76105e9ebc54037c37ffd30 [1ms]
2024-06-22 18:43:30.810 [info] > git config --get commit.template [4ms]
2024-06-22 18:43:30.811 [info] > git for-each-ref --format=%(refname)%00%(upstream:short)%00%(objectname)%00%(upstream:track)%00%(upstream:remotename)%00%(upstream:remoteref) refs/heads/dev refs/remotes/dev [1ms]
2024-06-22 18:43:30.816 [info] > git status -z -uall [1ms]
2024-06-22 18:43:53.159 [info] > git config --get commit.template [6ms]
2024-06-22 18:43:53.159 [info] > git for-each-ref --format=%(refname)%00%(upstream:short)%00%(objectname)%00%(upstream:track)%00%(upstream:remotename)%00%(upstream:remoteref) refs/heads/dev refs/remotes/dev [1ms]
2024-06-22 18:43:53.166 [info] > git status -z -uall [2ms]
2024-06-22 18:43:56.971 [info] > git show --textconv :nidas.dev/src/pages/App.js [16ms]
2024-06-22 18:43:56.977 [info] > git ls-files --stage -- /home/leo/Projects/nidas.dev/nidas.dev/src/pages/App.js [8ms]
2024-06-22 18:43:56.989 [info] > git cat-file -s 37be721f5be423407cf4bb5b10472a3bdd2c9c30 [3ms]
2024-06-22 18:43:59.867 [info] > git show --textconv :nidas.dev/src/themes/theme.js [11ms]
2024-06-22 18:43:59.869 [info] > git ls-files --stage -- /home/leo/Projects/nidas.dev/nidas.dev/src/themes/theme.js [3ms]
2024-06-22 18:43:59.883 [info] > git cat-file -s 0b1a4022bbbe2ff2b3051fe83388f9609ccd43c2 [4ms]
2024-06-22 18:44:04.168 [info] > git show --textconv :nidas.dev/src/components/layout/layout.js [14ms]
2024-06-22 18:44:04.170 [info] > git ls-files --stage -- /home/leo/Projects/nidas.dev/nidas.dev/src/components/layout/layout.js [2ms]
2024-06-22 18:44:04.179 [info] > git cat-file -s 82f35745b054155dc858a8cf971f70b1eee06d6f [2ms]
2024-06-22 18:44:08.781 [info] > git show --textconv :nidas.dev/src/index.js [8ms]
2024-06-22 18:44:08.782 [info] > git ls-files --stage -- /home/leo/Projects/nidas.dev/nidas.dev/src/index.js [1ms]
2024-06-22 18:44:08.791 [info] > git cat-file -s e2b1a56d8a8482a3249d4e7a5c02662225428546 [2ms]
2024-06-22 18:44:25.271 [info] > git config --get commit.template [4ms]
2024-06-22 18:44:25.291 [info] > git for-each-ref --format=%(refname)%00%(upstream:short)%00%(objectname)%00%(upstream:track)%00%(upstream:remotename)%00%(upstream:remoteref) refs/heads/dev refs/remotes/dev [6ms]
2024-06-22 18:44:25.308 [info] > git status -z -uall [4ms]
2024-06-22 18:44:30.075 [info] > git show --textconv :nidas.dev/src/components/structure/footer.js [17ms]
2024-06-22 18:44:30.077 [info] > git ls-files --stage -- /home/leo/Projects/nidas.dev/nidas.dev/src/components/structure/footer.js [4ms]
2024-06-22 18:44:30.089 [info] > git cat-file -s 271fe1ed578d928f0461f4b87a555e04515a5f07 [3ms]
2024-06-22 18:44:38.753 [info] > git config --get commit.template [17ms]
2024-06-22 18:44:38.757 [info] > git for-each-ref --format=%(refname)%00%(upstream:short)%00%(objectname)%00%(upstream:track)%00%(upstream:remotename)%00%(upstream:remoteref) refs/heads/dev refs/remotes/dev [6ms]
2024-06-22 18:44:38.777 [info] > git status -z -uall [5ms]
2024-06-22 18:45:56.984 [info] > git config --get commit.template [6ms]
2024-06-22 18:45:56.986 [info] > git for-each-ref --format=%(refname)%00%(upstream:short)%00%(objectname)%00%(upstream:track)%00%(upstream:remotename)%00%(upstream:remoteref) refs/heads/dev refs/remotes/dev [2ms]
2024-06-22 18:45:56.993 [info] > git status -z -uall [2ms]
2024-06-22 18:45:57.000 [info] > git merge-base refs/heads/dev refs/remotes/origin/dev [1ms]
2024-06-22 18:45:57.007 [info] > git rev-list --count --left-right refs/heads/dev...refs/remotes/origin/dev [1ms]
2024-06-22 18:45:57.012 [info] > git diff --name-status -z --diff-filter=ADMR 887a064f64bda9f9f79e4e52000a826139bb4e0e...refs/remotes/origin/dev [1ms]
2024-06-22 18:45:57.042 [info] > git ls-files --stage -- /home/leo/Projects/nidas.dev/nidas.dev/src/components/structure/header.js [5ms]
2024-06-22 18:45:57.048 [info] > git ls-files --stage -- /home/leo/Projects/nidas.dev/nidas.dev/src/components/structure/footer.js [7ms]
2024-06-22 18:45:57.053 [info] > git cat-file -s 5808e69065ebc8bb8b4df64b7c614d4e997adedf [6ms]
2024-06-22 18:45:57.053 [info] > git cat-file -s ea0601eab1ae8e4b9a61e3a3eb438a211f77f30f [1ms]
2024-06-22 18:45:57.068 [info] > git show --textconv :nidas.dev/src/components/structure/header.js [5ms]
2024-06-22 18:45:57.069 [info] > git show --textconv :nidas.dev/src/components/structure/footer.js [1ms]
2024-06-22 18:46:58.780 [info] > git ls-files --stage -- /home/leo/Projects/nidas.dev/nidas.dev/src/components/structure/header.js [9ms]
2024-06-22 18:46:58.786 [info] > git config --get commit.template [24ms]
2024-06-22 18:46:58.790 [info] > git ls-files --stage -- /home/leo/Projects/nidas.dev/nidas.dev/src/components/structure/footer.js [11ms]
2024-06-22 18:46:58.794 [info] > git for-each-ref --format=%(refname)%00%(upstream:short)%00%(objectname)%00%(upstream:track)%00%(upstream:remotename)%00%(upstream:remoteref) refs/heads/dev refs/remotes/dev [4ms]
2024-06-22 18:46:58.794 [info] > git cat-file -s 5808e69065ebc8bb8b4df64b7c614d4e997adedf [8ms]
2024-06-22 18:46:58.795 [info] > git cat-file -s ea0601eab1ae8e4b9a61e3a3eb438a211f77f30f [1ms]
2024-06-22 18:46:58.807 [info] > git show --textconv :nidas.dev/src/components/structure/header.js [8ms]
2024-06-22 18:46:58.807 [info] > git show --textconv :nidas.dev/src/components/structure/footer.js [4ms]
2024-06-22 18:46:58.809 [info] > git status -z -uall [2ms]
2024-06-22 18:46:58.817 [info] > git merge-base refs/heads/dev refs/remotes/origin/dev [4ms]
2024-06-22 18:46:58.823 [info] > git rev-list --count --left-right refs/heads/dev...refs/remotes/origin/dev [1ms]
2024-06-22 18:46:58.828 [info] > git diff --name-status -z --diff-filter=ADMR 0ff88e131b2551fd211190409a1ec893ba05911f...refs/remotes/origin/dev [1ms]
2024-06-22 18:47:04.168 [info] > git config --get commit.template [9ms]
2024-06-22 18:47:04.170 [info] > git for-each-ref --format=%(refname)%00%(upstream:short)%00%(objectname)%00%(upstream:track)%00%(upstream:remotename)%00%(upstream:remoteref) refs/heads/dev refs/remotes/dev [3ms]
2024-06-22 18:47:04.179 [info] > git status -z -uall [3ms]
2024-06-22 18:47:24.001 [info] > git show --textconv :nidas.dev/.prettierrc [12ms]
2024-06-22 18:47:24.003 [info] > git ls-files --stage -- /home/leo/Projects/nidas.dev/nidas.dev/.prettierrc [2ms]
2024-06-22 18:47:24.014 [info] > git cat-file -s b1f6bfff4bc0aa698c2a8ee568bd0aafeb9648be [3ms]
2024-06-22 18:47:28.139 [info] > git show --textconv :nidas.dev/src/components/structure/footer.js [14ms]
2024-06-22 18:47:28.140 [info] > git ls-files --stage -- /home/leo/Projects/nidas.dev/nidas.dev/src/components/structure/footer.js [2ms]
2024-06-22 18:47:28.148 [info] > git cat-file -s ea0601eab1ae8e4b9a61e3a3eb438a211f77f30f [2ms]
2024-06-22 18:47:33.029 [info] > git show --textconv :nidas.dev/src/themes/fonts.js [17ms]
2024-06-22 18:47:33.032 [info] > git ls-files --stage -- /home/leo/Projects/nidas.dev/nidas.dev/src/themes/fonts.js [4ms]
2024-06-22 18:47:33.051 [info] > git cat-file -s f3b32c91d435db728c638cf8236d46d6bbf8e6c8 [5ms]
2024-06-22 18:48:18.018 [info] > git show --textconv :nidas.dev/src/themes/theme.js [8ms]
2024-06-22 18:48:18.019 [info] > git ls-files --stage -- /home/leo/Projects/nidas.dev/nidas.dev/src/themes/theme.js [2ms]
2024-06-22 18:48:18.027 [info] > git cat-file -s fe8bbd1fbf7defaea343579fe8eac1bd945fdb42 [2ms]
2024-06-22 18:50:18.199 [info] > git show --textconv :nidas.dev/src/themes/fonts.js [6ms]
2024-06-22 18:50:18.200 [info] > git ls-files --stage -- /home/leo/Projects/nidas.dev/nidas.dev/src/themes/fonts.js [2ms]
2024-06-22 18:50:18.206 [info] > git cat-file -s f3b32c91d435db728c638cf8236d46d6bbf8e6c8 [2ms]
2024-06-22 18:50:37.462 [info] > git ls-files --stage -- /home/leo/Projects/nidas.dev/nidas.dev/public/fonts/thin.otf [1ms]
2024-06-22 18:50:37.466 [info] > git show --textconv :nidas.dev/public/fonts/thin.otf [10ms]
2024-06-22 18:50:37.467 [info] > git cat-file -s 5814e3e7f5ca1e2941de1983ea44015df6fb6e45 [1ms]
2024-06-22 18:50:43.398 [info] > git show --textconv :nidas.dev/src/themes/theme.js [16ms]
2024-06-22 18:50:43.401 [info] > git ls-files --stage -- /home/leo/Projects/nidas.dev/nidas.dev/src/themes/theme.js [3ms]
2024-06-22 18:50:43.413 [info] > git cat-file -s fe8bbd1fbf7defaea343579fe8eac1bd945fdb42 [3ms]
2024-06-22 18:50:46.765 [info] > git show --textconv :nidas.dev/public/fonts/Hanson-Bold.ttf [16ms]
2024-06-22 18:50:46.768 [info] > git ls-files --stage -- /home/leo/Projects/nidas.dev/nidas.dev/public/fonts/Hanson-Bold.ttf [4ms]
2024-06-22 18:50:46.785 [info] > git cat-file -s 233bc4ec63a5260fad8a666a2a556061a545037e [5ms]
2024-06-22 18:50:48.921 [info] > git show --textconv :nidas.dev/src/themes/theme.js [11ms]
2024-06-22 18:50:48.924 [info] > git ls-files --stage -- /home/leo/Projects/nidas.dev/nidas.dev/src/themes/theme.js [5ms]
2024-06-22 18:50:48.937 [info] > git cat-file -s fe8bbd1fbf7defaea343579fe8eac1bd945fdb42 [3ms]
2024-06-22 18:53:58.359 [info] > git show --textconv :nidas.dev/src/pages/App.js [17ms]
2024-06-22 18:53:58.361 [info] > git ls-files --stage -- /home/leo/Projects/nidas.dev/nidas.dev/src/pages/App.js [3ms]
2024-06-22 18:53:58.371 [info] > git cat-file -s b1cddf65555027cb7a23828a1a8f89180147c383 [2ms]
2024-06-22 18:54:51.968 [info] > git config --get commit.template [17ms]
2024-06-22 18:54:51.971 [info] > git for-each-ref --format=%(refname)%00%(upstream:short)%00%(objectname)%00%(upstream:track)%00%(upstream:remotename)%00%(upstream:remoteref) refs/heads/dev refs/remotes/dev [5ms]
2024-06-22 18:54:51.983 [info] > git status -z -uall [3ms]
2024-06-22 18:55:00.210 [info] > git config --get commit.template [12ms]
2024-06-22 18:55:00.213 [info] > git for-each-ref --format=%(refname)%00%(upstream:short)%00%(objectname)%00%(upstream:track)%00%(upstream:remotename)%00%(upstream:remoteref) refs/heads/dev refs/remotes/dev [4ms]
2024-06-22 18:55:00.228 [info] > git status -z -uall [5ms]
2024-06-22 18:56:25.142 [info] > git config --get commit.template [7ms]
2024-06-22 18:56:25.144 [info] > git for-each-ref --format=%(refname)%00%(upstream:short)%00%(objectname)%00%(upstream:track)%00%(upstream:remotename)%00%(upstream:remoteref) refs/heads/dev refs/remotes/dev [2ms]
2024-06-22 18:56:25.152 [info] > git status -z -uall [2ms]
2024-06-22 19:10:30.060 [info] > git show --textconv :nidas.dev/src/index.js [4ms]
2024-06-22 19:10:30.060 [info] > git ls-files --stage -- /home/leo/Projects/nidas.dev/nidas.dev/src/index.js [1ms]
2024-06-22 19:10:30.065 [info] > git cat-file -s 82758871a464523c8a43842929dc59792d051f8e [1ms]
2024-06-22 19:10:31.190 [info] > git show --textconv :nidas.dev/src/themes/theme.js [4ms]
2024-06-22 19:10:31.191 [info] > git ls-files --stage -- /home/leo/Projects/nidas.dev/nidas.dev/src/themes/theme.js [1ms]
2024-06-22 19:10:31.195 [info] > git cat-file -s fe8bbd1fbf7defaea343579fe8eac1bd945fdb42 [1ms]
2024-06-22 19:10:35.113 [info] > git show --textconv :nidas.dev/src/pages/App.js [7ms]
2024-06-22 19:10:35.114 [info] > git ls-files --stage -- /home/leo/Projects/nidas.dev/nidas.dev/src/pages/App.js [2ms]
2024-06-22 19:10:35.120 [info] > git cat-file -s b1cddf65555027cb7a23828a1a8f89180147c383 [2ms]
2024-06-22 19:10:47.762 [info] > git show --textconv :nidas.dev/src/index.js [4ms]
2024-06-22 19:10:47.762 [info] > git ls-files --stage -- /home/leo/Projects/nidas.dev/nidas.dev/src/index.js [0ms]
2024-06-22 19:10:47.767 [info] > git cat-file -s 82758871a464523c8a43842929dc59792d051f8e [1ms]
2024-06-22 19:10:49.990 [info] > git show --textconv :nidas.dev/src/themes/theme.js [4ms]
2024-06-22 19:10:49.991 [info] > git ls-files --stage -- /home/leo/Projects/nidas.dev/nidas.dev/src/themes/theme.js [1ms]
2024-06-22 19:10:49.995 [info] > git cat-file -s fe8bbd1fbf7defaea343579fe8eac1bd945fdb42 [1ms]
2024-06-22 19:10:53.161 [info] > git show --textconv :nidas.dev/src/pages/App.js [5ms]
2024-06-22 19:10:53.161 [info] > git ls-files --stage -- /home/leo/Projects/nidas.dev/nidas.dev/src/pages/App.js [1ms]
2024-06-22 19:10:53.166 [info] > git cat-file -s b1cddf65555027cb7a23828a1a8f89180147c383 [1ms]
2024-06-22 19:10:55.348 [info] > git show --textconv :nidas.dev/src/pages/construction.js [6ms]
2024-06-22 19:10:55.349 [info] > git ls-files --stage -- /home/leo/Projects/nidas.dev/nidas.dev/src/pages/construction.js [1ms]
2024-06-22 19:10:55.354 [info] > git cat-file -s ae366f199e6ba351f6f6d879a235f1a2cee2fe93 [1ms]
2024-06-22 19:10:56.869 [info] > git show --textconv :nidas.dev/src/pages/App.js [8ms]
2024-06-22 19:10:56.870 [info] > git ls-files --stage -- /home/leo/Projects/nidas.dev/nidas.dev/src/pages/App.js [2ms]
2024-06-22 19:10:56.879 [info] > git cat-file -s b1cddf65555027cb7a23828a1a8f89180147c383 [3ms]
2024-06-22 19:11:04.565 [info] > git show --textconv :nidas.dev/src/components/layout/layout.js [8ms]
2024-06-22 19:11:04.566 [info] > git ls-files --stage -- /home/leo/Projects/nidas.dev/nidas.dev/src/components/layout/layout.js [2ms]
2024-06-22 19:11:04.574 [info] > git cat-file -s c7f4c29e6514fc69ff128e0dfa5dbcf58ffde2e7 [2ms]
2024-06-22 19:11:12.963 [info] > git config --get commit.template [9ms]
2024-06-22 19:11:12.964 [info] > git for-each-ref --format=%(refname)%00%(upstream:short)%00%(objectname)%00%(upstream:track)%00%(upstream:remotename)%00%(upstream:remoteref) refs/heads/dev refs/remotes/dev [2ms]
2024-06-22 19:11:12.976 [info] > git status -z -uall [4ms]
2024-06-22 19:11:28.404 [info] > git config --get commit.template [14ms]
2024-06-22 19:11:28.406 [info] > git for-each-ref --format=%(refname)%00%(upstream:short)%00%(objectname)%00%(upstream:track)%00%(upstream:remotename)%00%(upstream:remoteref) refs/heads/dev refs/remotes/dev [4ms]
2024-06-22 19:11:28.422 [info] > git status -z -uall [5ms]
2024-06-22 19:11:32.213 [info] > git show --textconv :nidas.dev/src/components/structure/footer.js [5ms]
2024-06-22 19:11:32.213 [info] > git ls-files --stage -- /home/leo/Projects/nidas.dev/nidas.dev/src/components/structure/footer.js [1ms]
2024-06-22 19:11:32.218 [info] > git cat-file -s ea0601eab1ae8e4b9a61e3a3eb438a211f77f30f [1ms]
2024-06-22 19:12:07.004 [info] > git config --get commit.template [7ms]
2024-06-22 19:12:07.005 [info] > git for-each-ref --format=%(refname)%00%(upstream:short)%00%(objectname)%00%(upstream:track)%00%(upstream:remotename)%00%(upstream:remoteref) refs/heads/dev refs/remotes/dev [2ms]
2024-06-22 19:12:07.013 [info] > git status -z -uall [2ms]
2024-06-22 19:13:12.816 [info] > git config --get commit.template [7ms]
2024-06-22 19:13:12.817 [info] > git for-each-ref --format=%(refname)%00%(upstream:short)%00%(objectname)%00%(upstream:track)%00%(upstream:remotename)%00%(upstream:remoteref) refs/heads/dev refs/remotes/dev [2ms]
2024-06-22 19:13:12.824 [info] > git status -z -uall [1ms]
2024-06-22 19:13:12.831 [info] > git merge-base refs/heads/dev refs/remotes/origin/dev [2ms]
2024-06-22 19:13:12.835 [info] > git rev-list --count --left-right refs/heads/dev...refs/remotes/origin/dev [1ms]
2024-06-22 19:13:12.840 [info] > git diff --name-status -z --diff-filter=ADMR 1bb7cca7d1f2369b63a9d9e06c76dcf93818b305...refs/remotes/origin/dev [1ms]
2024-06-22 19:13:12.867 [info] > git ls-files --stage -- /home/leo/Projects/nidas.dev/nidas.dev/src/components/structure/header.js [5ms]
2024-06-22 19:13:12.872 [info] > git cat-file -s b5b7df39b198159adc88ad267d08e1bc85f9ee07 [2ms]
2024-06-22 19:13:12.872 [info] > git ls-files --stage -- /home/leo/Projects/nidas.dev/nidas.dev/src/components/structure/footer.js [6ms]
2024-06-22 19:13:12.878 [info] > git cat-file -s a55947cfb5d5206831e5565f71c603b24823bf70 [1ms]
2024-06-22 19:13:12.891 [info] > git show --textconv :nidas.dev/src/components/structure/header.js [5ms]
2024-06-22 19:13:12.892 [info] > git show --textconv :nidas.dev/src/components/structure/footer.js [1ms]
2024-06-22 19:13:17.861 [info] > git config --get commit.template [14ms]
2024-06-22 19:13:17.864 [info] > git for-each-ref --format=%(refname)%00%(upstream:short)%00%(objectname)%00%(upstream:track)%00%(upstream:remotename)%00%(upstream:remoteref) refs/heads/dev refs/remotes/dev [4ms]
2024-06-22 19:13:17.877 [info] > git status -z -uall [4ms]
2024-06-22 19:13:22.902 [info] > git config --get commit.template [11ms]
2024-06-22 19:13:22.904 [info] > git for-each-ref --format=%(refname)%00%(upstream:short)%00%(objectname)%00%(upstream:track)%00%(upstream:remotename)%00%(upstream:remoteref) refs/heads/dev refs/remotes/dev [3ms]
2024-06-22 19:13:22.919 [info] > git status -z -uall [5ms]
2024-06-22 19:13:28.315 [info] > git config --get commit.template [11ms]
2024-06-22 19:13:28.317 [info] > git for-each-ref --format=%(refname)%00%(upstream:short)%00%(objectname)%00%(upstream:track)%00%(upstream:remotename)%00%(upstream:remoteref) refs/heads/dev refs/remotes/dev [3ms]
2024-06-22 19:13:28.331 [info] > git status -z -uall [4ms]
2024-06-22 19:13:34.589 [info] > git show --textconv :nidas.dev/src/themes/theme.js [4ms]
2024-06-22 19:13:34.590 [info] > git ls-files --stage -- /home/leo/Projects/nidas.dev/nidas.dev/src/themes/theme.js [1ms]
2024-06-22 19:13:34.595 [info] > git cat-file -s fe8bbd1fbf7defaea343579fe8eac1bd945fdb42 [1ms]
2024-06-22 19:13:54.474 [info] > git config --get commit.template [13ms]
2024-06-22 19:13:54.475 [info] > git for-each-ref --format=%(refname)%00%(upstream:short)%00%(objectname)%00%(upstream:track)%00%(upstream:remotename)%00%(upstream:remoteref) refs/heads/dev refs/remotes/dev [2ms]
2024-06-22 19:13:54.485 [info] > git status -z -uall [2ms]
2024-06-22 19:13:59.520 [info] > git config --get commit.template [17ms]
2024-06-22 19:13:59.524 [info] > git for-each-ref --format=%(refname)%00%(upstream:short)%00%(objectname)%00%(upstream:track)%00%(upstream:remotename)%00%(upstream:remoteref) refs/heads/dev refs/remotes/dev [5ms]
2024-06-22 19:13:59.545 [info] > git status -z -uall [7ms]
2024-06-22 19:14:04.582 [info] > git config --get commit.template [17ms]
2024-06-22 19:14:04.587 [info] > git for-each-ref --format=%(refname)%00%(upstream:short)%00%(objectname)%00%(upstream:track)%00%(upstream:remotename)%00%(upstream:remoteref) refs/heads/dev refs/remotes/dev [7ms]
2024-06-22 19:14:04.608 [info] > git status -z -uall [5ms]
2024-06-22 19:14:27.271 [info] > git show --textconv :nidas.dev/src/components/structure/footer.js [6ms]
2024-06-22 19:14:27.272 [info] > git ls-files --stage -- /home/leo/Projects/nidas.dev/nidas.dev/src/components/structure/footer.js [1ms]
2024-06-22 19:14:27.279 [info] > git cat-file -s a55947cfb5d5206831e5565f71c603b24823bf70 [2ms]
2024-06-22 19:14:42.523 [info] > git config --get commit.template [15ms]
2024-06-22 19:14:42.527 [info] > git for-each-ref --format=%(refname)%00%(upstream:short)%00%(objectname)%00%(upstream:track)%00%(upstream:remotename)%00%(upstream:remoteref) refs/heads/dev refs/remotes/dev [4ms]
2024-06-22 19:14:42.548 [info] > git status -z -uall [7ms]
2024-06-22 19:15:00.020 [info] > git config --get commit.template [16ms]
2024-06-22 19:15:00.023 [info] > git for-each-ref --format=%(refname)%00%(upstream:short)%00%(objectname)%00%(upstream:track)%00%(upstream:remotename)%00%(upstream:remoteref) refs/heads/dev refs/remotes/dev [5ms]
2024-06-22 19:15:00.045 [info] > git status -z -uall [7ms]
2024-06-22 19:15:37.339 [info] > git show --textconv :nidas.dev/src/components/structure/drawer.js [6ms]
2024-06-22 19:15:37.340 [info] > git ls-files --stage -- /home/leo/Projects/nidas.dev/nidas.dev/src/components/structure/drawer.js [1ms]
2024-06-22 19:15:37.347 [info] > git cat-file -s a741061792888bf8e3841f5eece06c6fa9ebd9c4 [2ms]
2024-06-22 19:15:42.528 [info] > git config --get commit.template [5ms]
2024-06-22 19:15:42.529 [info] > git for-each-ref --format=%(refname)%00%(upstream:short)%00%(objectname)%00%(upstream:track)%00%(upstream:remotename)%00%(upstream:remoteref) refs/heads/dev refs/remotes/dev [1ms]
2024-06-22 19:15:42.534 [info] > git status -z -uall [1ms]
2024-06-22 19:16:19.431 [info] > git config --get commit.template [7ms]
2024-06-22 19:16:19.432 [info] > git for-each-ref --format=%(refname)%00%(upstream:short)%00%(objectname)%00%(upstream:track)%00%(upstream:remotename)%00%(upstream:remoteref) refs/heads/dev refs/remotes/dev [1ms]
2024-06-22 19:16:19.439 [info] > git status -z -uall [1ms]
2024-06-22 19:16:32.801 [info] > git config --get commit.template [7ms]
2024-06-22 19:16:32.802 [info] > git for-each-ref --format=%(refname)%00%(upstream:short)%00%(objectname)%00%(upstream:track)%00%(upstream:remotename)%00%(upstream:remoteref) refs/heads/dev refs/remotes/dev [2ms]
2024-06-22 19:16:32.809 [info] > git status -z -uall [2ms]
2024-06-22 19:16:37.826 [info] > git config --get commit.template [8ms]
2024-06-22 19:16:37.827 [info] > git for-each-ref --format=%(refname)%00%(upstream:short)%00%(objectname)%00%(upstream:track)%00%(upstream:remotename)%00%(upstream:remoteref) refs/heads/dev refs/remotes/dev [2ms]
2024-06-22 19:16:37.839 [info] > git status -z -uall [4ms]
2024-06-22 19:16:50.998 [info] > git config --get commit.template [13ms]
2024-06-22 19:16:50.999 [info] > git for-each-ref --format=%(refname)%00%(upstream:short)%00%(objectname)%00%(upstream:track)%00%(upstream:remotename)%00%(upstream:remoteref) refs/heads/dev refs/remotes/dev [2ms]
2024-06-22 19:16:51.009 [info] > git status -z -uall [3ms]
2024-06-22 19:17:07.838 [info] > git config --get commit.template [17ms]
2024-06-22 19:17:07.842 [info] > git for-each-ref --format=%(refname)%00%(upstream:short)%00%(objectname)%00%(upstream:track)%00%(upstream:remotename)%00%(upstream:remoteref) refs/heads/dev refs/remotes/dev [4ms]
2024-06-22 19:17:07.860 [info] > git status -z -uall [5ms]
2024-06-22 19:17:15.766 [info] > git config --get commit.template [15ms]
2024-06-22 19:17:15.769 [info] > git for-each-ref --format=%(refname)%00%(upstream:short)%00%(objectname)%00%(upstream:track)%00%(upstream:remotename)%00%(upstream:remoteref) refs/heads/dev refs/remotes/dev [5ms]
2024-06-22 19:17:15.790 [info] > git status -z -uall [7ms]
2024-06-22 19:17:23.084 [info] > git config --get commit.template [15ms]
2024-06-22 19:17:23.088 [info] > git for-each-ref --format=%(refname)%00%(upstream:short)%00%(objectname)%00%(upstream:track)%00%(upstream:remotename)%00%(upstream:remoteref) refs/heads/dev refs/remotes/dev [4ms]
2024-06-22 19:17:23.107 [info] > git status -z -uall [6ms]
2024-06-22 19:17:37.032 [info] > git config --get commit.template [16ms]
2024-06-22 19:17:37.035 [info] > git for-each-ref --format=%(refname)%00%(upstream:short)%00%(objectname)%00%(upstream:track)%00%(upstream:remotename)%00%(upstream:remoteref) refs/heads/dev refs/remotes/dev [5ms]
2024-06-22 19:17:37.051 [info] > git status -z -uall [3ms]
2024-06-22 19:18:03.847 [info] > git config --get commit.template [15ms]
2024-06-22 19:18:03.850 [info] > git for-each-ref --format=%(refname)%00%(upstream:short)%00%(objectname)%00%(upstream:track)%00%(upstream:remotename)%00%(upstream:remoteref) refs/heads/dev refs/remotes/dev [5ms]
2024-06-22 19:18:03.866 [info] > git status -z -uall [4ms]
2024-06-22 19:18:10.677 [info] > git config --get commit.template [16ms]
2024-06-22 19:18:10.681 [info] > git for-each-ref --format=%(refname)%00%(upstream:short)%00%(objectname)%00%(upstream:track)%00%(upstream:remotename)%00%(upstream:remoteref) refs/heads/dev refs/remotes/dev [5ms]
2024-06-22 19:18:10.700 [info] > git status -z -uall [5ms]
2024-06-22 19:18:18.686 [info] > git config --get commit.template [4ms]
2024-06-22 19:18:18.686 [info] > git for-each-ref --format=%(refname)%00%(upstream:short)%00%(objectname)%00%(upstream:track)%00%(upstream:remotename)%00%(upstream:remoteref) refs/heads/dev refs/remotes/dev [1ms]
2024-06-22 19:18:18.691 [info] > git status -z -uall [1ms]
2024-06-22 19:18:48.177 [info] > git config --get commit.template [17ms]
2024-06-22 19:18:48.181 [info] > git for-each-ref --format=%(refname)%00%(upstream:short)%00%(objectname)%00%(upstream:track)%00%(upstream:remotename)%00%(upstream:remoteref) refs/heads/dev refs/remotes/dev [4ms]
2024-06-22 19:18:48.202 [info] > git status -z -uall [7ms]
2024-06-22 19:18:59.674 [info] > git config --get commit.template [5ms]
2024-06-22 19:18:59.674 [info] > git for-each-ref --format=%(refname)%00%(upstream:short)%00%(objectname)%00%(upstream:track)%00%(upstream:remotename)%00%(upstream:remoteref) refs/heads/dev refs/remotes/dev [1ms]
2024-06-22 19:18:59.681 [info] > git status -z -uall [1ms]
2024-06-22 23:26:50.539 [info] > git ls-files --stage -- /home/leo/Projects/nidas.dev/nidas.dev/src/components/structure/header.js [6ms]
2024-06-22 23:26:50.543 [info] > git config --get commit.template [15ms]
2024-06-22 23:26:50.548 [info] > git ls-files --stage -- /home/leo/Projects/nidas.dev/nidas.dev/src/components/structure/drawer.js [10ms]
2024-06-22 23:26:50.552 [info] > git for-each-ref --format=%(refname)%00%(upstream:short)%00%(objectname)%00%(upstream:track)%00%(upstream:remotename)%00%(upstream:remoteref) refs/heads/dev refs/remotes/dev [4ms]
2024-06-22 23:26:50.552 [info] > git cat-file -s f7dd87eb4197d48dfebbbb3c0ff3033ee0f91137 [9ms]
2024-06-22 23:26:50.553 [info] > git cat-file -s bd277cc242b5346bc603075b1d0bb71860248d3e [1ms]
2024-06-22 23:26:50.565 [info] > git show --textconv :nidas.dev/src/components/structure/header.js [8ms]
2024-06-22 23:26:50.565 [info] > git status -z -uall [5ms]
2024-06-22 23:26:50.573 [info] > git show --textconv :nidas.dev/src/components/structure/drawer.js [9ms]
2024-06-22 23:26:50.573 [info] > git merge-base refs/heads/dev refs/remotes/origin/dev [3ms]
2024-06-22 23:26:50.579 [info] > git rev-list --count --left-right refs/heads/dev...refs/remotes/origin/dev [2ms]
2024-06-22 23:26:50.585 [info] > git diff --name-status -z --diff-filter=ADMR 989fa65f87cbb5529ff50b7e5cca37337a8eaa33...refs/remotes/origin/dev [1ms]
2024-06-22 23:52:19.591 [info] > git config --get commit.template [7ms]
2024-06-22 23:52:19.592 [info] > git for-each-ref --format=%(refname)%00%(upstream:short)%00%(objectname)%00%(upstream:track)%00%(upstream:remotename)%00%(upstream:remoteref) refs/heads/dev refs/remotes/dev [1ms]
2024-06-22 23:52:19.598 [info] > git status -z -uall [2ms]
2024-06-23 12:35:41.553 [info] > git config --get commit.template [16ms]
2024-06-23 12:35:41.557 [info] > git for-each-ref --format=%(refname)%00%(upstream:short)%00%(objectname)%00%(upstream:track)%00%(upstream:remotename)%00%(upstream:remoteref) refs/heads/dev refs/remotes/dev [4ms]
2024-06-23 12:35:41.576 [info] > git status -z -uall [6ms]
2024-06-23 12:35:49.077 [info] > git show --textconv :nidas.dev/src/components/layout/layout.js [9ms]
2024-06-23 12:35:49.079 [info] > git ls-files --stage -- /home/leo/Projects/nidas.dev/nidas.dev/src/components/layout/layout.js [2ms]
2024-06-23 12:35:49.088 [info] > git cat-file -s d54110412ac1c0b8864f244d24d201277527d20a [3ms]
2024-06-23 12:35:59.351 [info] > git config --get commit.template [14ms]
2024-06-23 12:35:59.355 [info] > git for-each-ref --format=%(refname)%00%(upstream:short)%00%(objectname)%00%(upstream:track)%00%(upstream:remotename)%00%(upstream:remoteref) refs/heads/dev refs/remotes/dev [6ms]
2024-06-23 12:35:59.375 [info] > git status -z -uall [6ms]
2024-06-23 12:36:00.702 [info] > git show --textconv :nidas.dev/src/components/structure/footer.js [11ms]
2024-06-23 12:36:00.704 [info] > git ls-files --stage -- /home/leo/Projects/nidas.dev/nidas.dev/src/components/structure/footer.js [3ms]
2024-06-23 12:36:00.715 [info] > git cat-file -s c9d7475f61a53379e77ba5b4c2a798c1c36497bf [3ms]
2024-06-23 12:36:08.424 [info] > git config --get commit.template [15ms]
2024-06-23 12:36:08.428 [info] > git for-each-ref --format=%(refname)%00%(upstream:short)%00%(objectname)%00%(upstream:track)%00%(upstream:remotename)%00%(upstream:remoteref) refs/heads/dev refs/remotes/dev [5ms]
2024-06-23 12:36:08.451 [info] > git status -z -uall [7ms]
2024-06-23 12:36:17.338 [info] > git show --textconv :nidas.dev/src/components/structure/drawer.js [15ms]
2024-06-23 12:36:17.340 [info] > git ls-files --stage -- /home/leo/Projects/nidas.dev/nidas.dev/src/components/structure/drawer.js [4ms]
2024-06-23 12:36:17.349 [info] > git cat-file -s bd277cc242b5346bc603075b1d0bb71860248d3e [1ms]
2024-06-23 12:36:34.399 [info] > git config --get commit.template [7ms]
2024-06-23 12:36:34.400 [info] > git for-each-ref --format=%(refname)%00%(upstream:short)%00%(objectname)%00%(upstream:track)%00%(upstream:remotename)%00%(upstream:remoteref) refs/heads/dev refs/remotes/dev [2ms]
2024-06-23 12:36:34.408 [info] > git status -z -uall [3ms]
2024-06-23 12:36:43.277 [info] > git config --get commit.template [6ms]
2024-06-23 12:36:43.278 [info] > git for-each-ref --format=%(refname)%00%(upstream:short)%00%(objectname)%00%(upstream:track)%00%(upstream:remotename)%00%(upstream:remoteref) refs/heads/dev refs/remotes/dev [2ms]
2024-06-23 12:36:43.285 [info] > git status -z -uall [2ms]
2024-06-23 12:37:27.666 [info] > git config --get commit.template [16ms]
2024-06-23 12:37:27.670 [info] > git for-each-ref --format=%(refname)%00%(upstream:short)%00%(objectname)%00%(upstream:track)%00%(upstream:remotename)%00%(upstream:remoteref) refs/heads/dev refs/remotes/dev [5ms]
2024-06-23 12:37:27.693 [info] > git status -z -uall [6ms]
2024-06-23 12:38:38.047 [info] > git config --get commit.template [6ms]
2024-06-23 12:38:38.048 [info] > git for-each-ref --format=%(refname)%00%(upstream:short)%00%(objectname)%00%(upstream:track)%00%(upstream:remotename)%00%(upstream:remoteref) refs/heads/dev refs/remotes/dev [1ms]
2024-06-23 12:38:38.054 [info] > git status -z -uall [1ms]
2024-06-23 12:40:29.679 [info] > git config --get commit.template [5ms]
2024-06-23 12:40:29.680 [info] > git for-each-ref --format=%(refname)%00%(upstream:short)%00%(objectname)%00%(upstream:track)%00%(upstream:remotename)%00%(upstream:remoteref) refs/heads/dev refs/remotes/dev [1ms]
2024-06-23 12:40:29.686 [info] > git status -z -uall [1ms]
2024-06-23 12:40:29.692 [info] > git merge-base refs/heads/dev refs/remotes/origin/dev [1ms]
2024-06-23 12:40:29.697 [info] > git rev-list --count --left-right refs/heads/dev...refs/remotes/origin/dev [1ms]
2024-06-23 12:40:29.702 [info] > git diff --name-status -z --diff-filter=ADMR 2cb6335e59ac0b545d822749608f745db86093f5...refs/remotes/origin/dev [1ms]
2024-06-23 12:40:29.730 [info] > git ls-files --stage -- /home/leo/Projects/nidas.dev/nidas.dev/src/components/structure/header.js [6ms]
2024-06-23 12:40:29.734 [info] > git ls-files --stage -- /home/leo/Projects/nidas.dev/nidas.dev/src/components/structure/drawer.js [5ms]
2024-06-23 12:40:29.738 [info] > git cat-file -s e0ce21d017f7760ba51c1b464999e8dec72e91f2 [4ms]
2024-06-23 12:40:29.739 [info] > git cat-file -s 9f77e785907054765747156a232d33efee8216d6 [1ms]
2024-06-23 12:40:29.755 [info] > git show --textconv :nidas.dev/src/components/structure/header.js [4ms]
2024-06-23 12:40:29.755 [info] > git show --textconv :nidas.dev/src/components/structure/drawer.js [1ms]
2024-06-23 12:48:33.566 [info] > git config --get commit.template [7ms]
2024-06-23 12:48:33.567 [info] > git for-each-ref --format=%(refname)%00%(upstream:short)%00%(objectname)%00%(upstream:track)%00%(upstream:remotename)%00%(upstream:remoteref) refs/heads/dev refs/remotes/dev [2ms]
2024-06-23 12:48:33.575 [info] > git status -z -uall [2ms]
2024-06-23 12:48:37.905 [info] > git check-ignore -v -z --stdin [4ms]
2024-06-23 12:54:38.651 [info] > git show --textconv :nidas.dev/src/components/layout/layout.js [9ms]
2024-06-23 12:54:38.652 [info] > git ls-files --stage -- /home/leo/Projects/nidas.dev/nidas.dev/src/components/layout/layout.js [2ms]
2024-06-23 12:54:38.659 [info] > git cat-file -s 0a59c494a88a99d5b9458ca20c33de6d7cadf0cb [2ms]
2024-06-23 12:55:22.176 [info] > git config --get commit.template [15ms]
2024-06-23 12:55:22.180 [info] > git for-each-ref --format=%(refname)%00%(upstream:short)%00%(objectname)%00%(upstream:track)%00%(upstream:remotename)%00%(upstream:remoteref) refs/heads/dev refs/remotes/dev [5ms]
2024-06-23 12:55:22.198 [info] > git status -z -uall [5ms]
2024-06-23 12:55:33.851 [info] > git config --get commit.template [16ms]
2024-06-23 12:55:33.854 [info] > git for-each-ref --format=%(refname)%00%(upstream:short)%00%(objectname)%00%(upstream:track)%00%(upstream:remotename)%00%(upstream:remoteref) refs/heads/dev refs/remotes/dev [5ms]
2024-06-23 12:55:33.875 [info] > git status -z -uall [6ms]
2024-06-23 12:56:05.516 [info] > git config --get commit.template [2ms]
2024-06-23 12:56:05.523 [info] > git for-each-ref --format=%(refname)%00%(upstream:short)%00%(objectname)%00%(upstream:track)%00%(upstream:remotename)%00%(upstream:remoteref) refs/heads/dev refs/remotes/dev [2ms]
2024-06-23 12:56:05.530 [info] > git status -z -uall [2ms]
2024-06-23 12:56:05.570 [info] > git ls-files --stage -- /home/leo/Projects/nidas.dev/nidas.dev/src/components/structure/header.js [4ms]
2024-06-23 12:56:05.574 [info] > git ls-files --stage -- /home/leo/Projects/nidas.dev/nidas.dev/src/components/layout/layout.js [4ms]
2024-06-23 12:56:05.578 [info] > git cat-file -s e0ce21d017f7760ba51c1b464999e8dec72e91f2 [4ms]
2024-06-23 12:56:05.579 [info] > git cat-file -s 3e1cc8684103015a8f220dab54d4014f625a2e38 [1ms]
2024-06-23 12:56:05.589 [info] > git show --textconv :nidas.dev/src/components/structure/header.js [3ms]
2024-06-23 12:56:05.590 [info] > git show --textconv :nidas.dev/src/components/layout/layout.js [1ms]
2024-06-23 12:59:31.724 [info] > git ls-files --stage -- /home/leo/Projects/nidas.dev/nidas.dev/src/components/structure/header.js [5ms]
2024-06-23 12:59:31.729 [info] > git config --get commit.template [17ms]
2024-06-23 12:59:31.735 [info] > git ls-files --stage -- /home/leo/Projects/nidas.dev/nidas.dev/src/components/layout/layout.js [11ms]
2024-06-23 12:59:31.740 [info] > git for-each-ref --format=%(refname)%00%(upstream:short)%00%(objectname)%00%(upstream:track)%00%(upstream:remotename)%00%(upstream:remoteref) refs/heads/dev refs/remotes/dev [6ms]
2024-06-23 12:59:31.740 [info] > git cat-file -s e0ce21d017f7760ba51c1b464999e8dec72e91f2 [11ms]
2024-06-23 12:59:31.745 [info] > git cat-file -s 3e1cc8684103015a8f220dab54d4014f625a2e38 [6ms]
2024-06-23 12:59:31.750 [info] > git status -z -uall [5ms]
2024-06-23 12:59:31.760 [info] > git show --textconv :nidas.dev/src/components/structure/header.js [10ms]
2024-06-23 12:59:31.760 [info] > git merge-base refs/heads/dev refs/remotes/origin/dev [5ms]
2024-06-23 12:59:31.764 [info] > git show --textconv :nidas.dev/src/components/layout/layout.js [4ms]
2024-06-23 12:59:31.765 [info] > git rev-list --count --left-right refs/heads/dev...refs/remotes/origin/dev [1ms]
2024-06-23 12:59:31.770 [info] > git diff --name-status -z --diff-filter=ADMR 9cb0cfa6b027bf68341cb071f413ca3f9b8b27c5...refs/remotes/origin/dev [1ms]
2024-06-23 13:00:56.055 [info] > git config --get commit.template [11ms]
2024-06-23 13:00:56.056 [info] > git for-each-ref --format=%(refname)%00%(upstream:short)%00%(objectname)%00%(upstream:track)%00%(upstream:remotename)%00%(upstream:remoteref) refs/heads/dev refs/remotes/dev [2ms]
2024-06-23 13:00:56.065 [info] > git status -z -uall [3ms]
2024-06-23 15:15:52.923 [info] > git show --textconv :nidas.dev/src/index.js [4ms]
2024-06-23 15:15:52.924 [info] > git ls-files --stage -- /home/leo/Projects/nidas.dev/nidas.dev/src/index.js [1ms]
2024-06-23 15:15:52.928 [info] > git cat-file -s 82758871a464523c8a43842929dc59792d051f8e [1ms]
2024-06-23 15:15:53.836 [info] > git show --textconv :nidas.dev/src/pages/App.js [4ms]
2024-06-23 15:15:53.837 [info] > git ls-files --stage -- /home/leo/Projects/nidas.dev/nidas.dev/src/pages/App.js [1ms]
2024-06-23 15:15:53.841 [info] > git cat-file -s b1cddf65555027cb7a23828a1a8f89180147c383 [1ms]
2024-06-23 15:15:57.406 [info] > git show --textconv :nidas.dev/src/themes/theme.js [6ms]
2024-06-23 15:15:57.407 [info] > git ls-files --stage -- /home/leo/Projects/nidas.dev/nidas.dev/src/themes/theme.js [2ms]
2024-06-23 15:15:57.413 [info] > git cat-file -s 5426a5af75c6f934b7157017a7751a8e8bcd04b0 [1ms]
2024-06-23 15:15:59.563 [info] > git show --textconv :nidas.dev/src/pages/App.js [15ms]
2024-06-23 15:15:59.563 [info] > git show --textconv :nidas.dev/src/themes/theme.js [5ms]
2024-06-23 15:15:59.564 [info] > git ls-files --stage -- /home/leo/Projects/nidas.dev/nidas.dev/src/pages/App.js [11ms]
2024-06-23 15:15:59.569 [info] > git ls-files --stage -- /home/leo/Projects/nidas.dev/nidas.dev/src/themes/theme.js [7ms]
2024-06-23 15:15:59.574 [info] > git cat-file -s b1cddf65555027cb7a23828a1a8f89180147c383 [6ms]
2024-06-23 15:15:59.576 [info] > git cat-file -s 5426a5af75c6f934b7157017a7751a8e8bcd04b0 [3ms]
2024-06-23 15:16:08.031 [info] > git show --textconv :nidas.dev/src/index.js [4ms]
2024-06-23 15:16:08.031 [info] > git ls-files --stage -- /home/leo/Projects/nidas.dev/nidas.dev/src/index.js [1ms]
2024-06-23 15:16:08.036 [info] > git cat-file -s 82758871a464523c8a43842929dc59792d051f8e [1ms]
2024-06-23 15:16:12.135 [info] > git show --textconv :nidas.dev/src/pages/App.js [4ms]
2024-06-23 15:16:12.136 [info] > git ls-files --stage -- /home/leo/Projects/nidas.dev/nidas.dev/src/pages/App.js [1ms]
2024-06-23 15:16:12.140 [info] > git cat-file -s b1cddf65555027cb7a23828a1a8f89180147c383 [1ms]
2024-06-23 15:16:13.187 [info] > git show --textconv :nidas.dev/src/index.js [11ms]
2024-06-23 15:16:13.187 [info] > git show --textconv :nidas.dev/src/pages/App.js [4ms]
2024-06-23 15:16:13.188 [info] > git ls-files --stage -- /home/leo/Projects/nidas.dev/nidas.dev/src/index.js [8ms]
2024-06-23 15:16:13.192 [info] > git ls-files --stage -- /home/leo/Projects/nidas.dev/nidas.dev/src/pages/App.js [5ms]
2024-06-23 15:16:13.196 [info] > git cat-file -s 82758871a464523c8a43842929dc59792d051f8e [5ms]
2024-06-23 15:16:13.196 [info] > git cat-file -s b1cddf65555027cb7a23828a1a8f89180147c383 [1ms]
2024-06-23 15:16:15.272 [info] > git show --textconv :nidas.dev/src/components/layout/layout.js [13ms]
2024-06-23 15:16:15.272 [info] > git show --textconv :nidas.dev/src/index.js [5ms]
2024-06-23 15:16:15.272 [info] > git ls-files --stage -- /home/leo/Projects/nidas.dev/nidas.dev/src/components/layout/layout.js [9ms]
2024-06-23 15:16:15.277 [info] > git ls-files --stage -- /home/leo/Projects/nidas.dev/nidas.dev/src/index.js [6ms]
2024-06-23 15:16:15.281 [info] > git cat-file -s 3e1cc8684103015a8f220dab54d4014f625a2e38 [5ms]
2024-06-23 15:16:15.281 [info] > git cat-file -s 82758871a464523c8a43842929dc59792d051f8e [1ms]
2024-06-23 15:16:15.953 [info] > git show --textconv :nidas.dev/src/components/structure/header.js [4ms]
2024-06-23 15:16:15.954 [info] > git ls-files --stage -- /home/leo/Projects/nidas.dev/nidas.dev/src/components/structure/header.js [1ms]
2024-06-23 15:16:15.959 [info] > git cat-file -s e0ce21d017f7760ba51c1b464999e8dec72e91f2 [1ms]
2024-06-23 15:16:16.777 [info] > git show --textconv :nidas.dev/src/components/structure/header.js [12ms]
2024-06-23 15:16:16.777 [info] > git show --textconv :nidas.dev/src/index.js [4ms]
2024-06-23 15:16:16.778 [info] > git ls-files --stage -- /home/leo/Projects/nidas.dev/nidas.dev/src/components/structure/header.js [9ms]
2024-06-23 15:16:16.782 [info] > git ls-files --stage -- /home/leo/Projects/nidas.dev/nidas.dev/src/index.js [5ms]
2024-06-23 15:16:16.786 [info] > git cat-file -s e0ce21d017f7760ba51c1b464999e8dec72e91f2 [5ms]
2024-06-23 15:16:16.787 [info] > git cat-file -s 82758871a464523c8a43842929dc59792d051f8e [1ms]
2024-06-23 15:16:20.986 [info] > git show --textconv :nidas.dev/src/components/layout/layout.js [8ms]
2024-06-23 15:16:20.987 [info] > git ls-files --stage -- /home/leo/Projects/nidas.dev/nidas.dev/src/components/layout/layout.js [3ms]
2024-06-23 15:16:20.994 [info] > git cat-file -s 3e1cc8684103015a8f220dab54d4014f625a2e38 [2ms]
2024-06-23 15:16:25.901 [info] > git show --textconv :nidas.dev/src/components/structure/header.js [1ms]
2024-06-23 15:16:25.909 [info] > git ls-files --stage -- /home/leo/Projects/nidas.dev/nidas.dev/src/components/structure/header.js [1ms]
2024-06-23 15:16:25.916 [info] > git cat-file -s e0ce21d017f7760ba51c1b464999e8dec72e91f2 [1ms]
2024-06-23 15:16:27.833 [info] > git show --textconv :nidas.dev/src/components/structure/drawer.js [4ms]
2024-06-23 15:16:27.834 [info] > git ls-files --stage -- /home/leo/Projects/nidas.dev/nidas.dev/src/components/structure/drawer.js [1ms]
2024-06-23 15:16:27.838 [info] > git cat-file -s 6360c7c38561f6b8e3985bc53f12389327ff63a8 [1ms]
2024-06-23 15:16:51.451 [info] > git show --textconv :nidas.dev/src/components/structure/footer.js [5ms]
2024-06-23 15:16:51.451 [info] > git ls-files --stage -- /home/leo/Projects/nidas.dev/nidas.dev/src/components/structure/footer.js [1ms]
2024-06-23 15:16:51.457 [info] > git cat-file -s c1dd785779bb2f92ba0135f98cefc1b7fb4cdba2 [2ms]
2024-06-23 15:16:54.633 [info] > git show --textconv :nidas.dev/src/pages/App.js [5ms]
2024-06-23 15:16:54.634 [info] > git ls-files --stage -- /home/leo/Projects/nidas.dev/nidas.dev/src/pages/App.js [1ms]
2024-06-23 15:16:54.639 [info] > git cat-file -s b1cddf65555027cb7a23828a1a8f89180147c383 [2ms]
2024-06-23 15:16:55.501 [info] > git show --textconv :nidas.dev/src/themes/theme.js [6ms]
2024-06-23 15:16:55.502 [info] > git ls-files --stage -- /home/leo/Projects/nidas.dev/nidas.dev/src/themes/theme.js [2ms]
2024-06-23 15:16:55.507 [info] > git cat-file -s 5426a5af75c6f934b7157017a7751a8e8bcd04b0 [1ms]
2024-06-23 15:16:58.738 [info] > git show --textconv :nidas.dev/src/pages/App.js [7ms]
2024-06-23 15:16:58.739 [info] > git ls-files --stage -- /home/leo/Projects/nidas.dev/nidas.dev/src/pages/App.js [2ms]
2024-06-23 15:16:58.747 [info] > git cat-file -s b1cddf65555027cb7a23828a1a8f89180147c383 [2ms]
2024-06-23 15:17:00.559 [info] > git show --textconv :nidas.dev/src/index.js [17ms]
2024-06-23 15:17:00.561 [info] > git ls-files --stage -- /home/leo/Projects/nidas.dev/nidas.dev/src/index.js [5ms]
2024-06-23 15:17:00.574 [info] > git cat-file -s 82758871a464523c8a43842929dc59792d051f8e [2ms]
2024-06-23 15:17:06.632 [info] > git show --textconv :nidas.dev/src/themes/theme.js [5ms]
2024-06-23 15:17:06.633 [info] > git ls-files --stage -- /home/leo/Projects/nidas.dev/nidas.dev/src/themes/theme.js [1ms]
2024-06-23 15:17:06.639 [info] > git cat-file -s 5426a5af75c6f934b7157017a7751a8e8bcd04b0 [1ms]
2024-06-23 15:17:07.453 [info] > git show --textconv :nidas.dev/src/index.js [4ms]
2024-06-23 15:17:07.454 [info] > git ls-files --stage -- /home/leo/Projects/nidas.dev/nidas.dev/src/index.js [1ms]
2024-06-23 15:17:07.459 [info] > git cat-file -s 82758871a464523c8a43842929dc59792d051f8e [1ms]
2024-06-23 15:17:09.826 [info] > git show --textconv :nidas.dev/src/themes/theme.js [4ms]
2024-06-23 15:17:09.826 [info] > git ls-files --stage -- /home/leo/Projects/nidas.dev/nidas.dev/src/themes/theme.js [1ms]
2024-06-23 15:17:09.830 [info] > git cat-file -s 5426a5af75c6f934b7157017a7751a8e8bcd04b0 [1ms]
2024-06-23 15:17:11.358 [info] > git show --textconv :nidas.dev/src/pages/App.js [7ms]
2024-06-23 15:17:11.359 [info] > git ls-files --stage -- /home/leo/Projects/nidas.dev/nidas.dev/src/pages/App.js [2ms]
2024-06-23 15:17:11.370 [info] > git cat-file -s b1cddf65555027cb7a23828a1a8f89180147c383 [2ms]
2024-06-23 15:17:14.359 [info] > git show --textconv :nidas.dev/src/themes/theme.js [3ms]
2024-06-23 15:17:14.360 [info] > git ls-files --stage -- /home/leo/Projects/nidas.dev/nidas.dev/src/themes/theme.js [1ms]
2024-06-23 15:17:14.364 [info] > git cat-file -s 5426a5af75c6f934b7157017a7751a8e8bcd04b0 [1ms]
2024-06-23 15:19:31.404 [info] > git show --textconv :nidas.dev/src/components/structure/drawer.js [12ms]
2024-06-23 15:19:31.404 [info] > git show --textconv :nidas.dev/src/components/structure/footer.js [4ms]
2024-06-23 15:19:31.404 [info] > git ls-files --stage -- /home/leo/Projects/nidas.dev/nidas.dev/src/components/structure/drawer.js [9ms]
2024-06-23 15:19:31.408 [info] > git ls-files --stage -- /home/leo/Projects/nidas.dev/nidas.dev/src/components/structure/footer.js [5ms]
2024-06-23 15:19:31.411 [info] > git cat-file -s 6360c7c38561f6b8e3985bc53f12389327ff63a8 [4ms]
2024-06-23 15:19:31.412 [info] > git cat-file -s c1dd785779bb2f92ba0135f98cefc1b7fb4cdba2 [1ms]
2024-06-23 15:19:33.512 [info] > git show --textconv :nidas.dev/src/components/structure/header.js [11ms]
2024-06-23 15:19:33.513 [info] > git show --textconv :nidas.dev/src/components/structure/drawer.js [5ms]
2024-06-23 15:19:33.513 [info] > git ls-files --stage -- /home/leo/Projects/nidas.dev/nidas.dev/src/components/structure/header.js [9ms]
2024-06-23 15:19:33.516 [info] > git ls-files --stage -- /home/leo/Projects/nidas.dev/nidas.dev/src/components/structure/drawer.js [4ms]
2024-06-23 15:19:33.520 [info] > git cat-file -s e0ce21d017f7760ba51c1b464999e8dec72e91f2 [4ms]
2024-06-23 15:19:33.520 [info] > git cat-file -s 6360c7c38561f6b8e3985bc53f12389327ff63a8 [1ms]
2024-06-23 15:19:35.272 [info] > git show --textconv :nidas.dev/src/components/layout/layout.js [12ms]
2024-06-23 15:19:35.272 [info] > git show --textconv :nidas.dev/src/components/structure/header.js [4ms]
2024-06-23 15:19:35.273 [info] > git ls-files --stage -- /home/leo/Projects/nidas.dev/nidas.dev/src/components/layout/layout.js [9ms]
2024-06-23 15:19:35.277 [info] > git ls-files --stage -- /home/leo/Projects/nidas.dev/nidas.dev/src/components/structure/header.js [5ms]
2024-06-23 15:19:35.281 [info] > git cat-file -s 3e1cc8684103015a8f220dab54d4014f625a2e38 [5ms]
2024-06-23 15:19:35.282 [info] > git cat-file -s e0ce21d017f7760ba51c1b464999e8dec72e91f2 [1ms]
2024-06-23 15:19:36.345 [info] > git show --textconv :nidas.dev/src/themes/theme.js [5ms]
2024-06-23 15:19:36.346 [info] > git ls-files --stage -- /home/leo/Projects/nidas.dev/nidas.dev/src/themes/theme.js [2ms]
2024-06-23 15:19:36.351 [info] > git cat-file -s 5426a5af75c6f934b7157017a7751a8e8bcd04b0 [2ms]
2024-06-23 15:19:36.972 [info] > git show --textconv :nidas.dev/src/themes/theme.js [12ms]
2024-06-23 15:19:36.972 [info] > git show --textconv :nidas.dev/src/components/structure/header.js [4ms]
2024-06-23 15:19:36.973 [info] > git ls-files --stage -- /home/leo/Projects/nidas.dev/nidas.dev/src/themes/theme.js [9ms]
2024-06-23 15:19:36.978 [info] > git ls-files --stage -- /home/leo/Projects/nidas.dev/nidas.dev/src/components/structure/header.js [6ms]
2024-06-23 15:19:36.982 [info] > git cat-file -s 5426a5af75c6f934b7157017a7751a8e8bcd04b0 [5ms]
2024-06-23 15:19:36.982 [info] > git cat-file -s e0ce21d017f7760ba51c1b464999e8dec72e91f2 [1ms]
2024-06-23 15:19:37.817 [info] > git show --textconv :nidas.dev/src/pages/App.js [6ms]
2024-06-23 15:19:37.817 [info] > git ls-files --stage -- /home/leo/Projects/nidas.dev/nidas.dev/src/pages/App.js [1ms]
2024-06-23 15:19:37.822 [info] > git cat-file -s b1cddf65555027cb7a23828a1a8f89180147c383 [1ms]
2024-06-23 15:19:38.436 [info] > git show --textconv :nidas.dev/src/pages/App.js [16ms]
2024-06-23 15:19:38.436 [info] > git show --textconv :nidas.dev/src/components/structure/header.js [6ms]
2024-06-23 15:19:38.436 [info] > git ls-files --stage -- /home/leo/Projects/nidas.dev/nidas.dev/src/pages/App.js [11ms]
2024-06-23 15:19:38.441 [info] > git ls-files --stage -- /home/leo/Projects/nidas.dev/nidas.dev/src/components/structure/header.js [6ms]
2024-06-23 15:19:38.446 [info] > git cat-file -s b1cddf65555027cb7a23828a1a8f89180147c383 [6ms]
2024-06-23 15:19:38.447 [info] > git cat-file -s e0ce21d017f7760ba51c1b464999e8dec72e91f2 [1ms]
2024-06-23 15:19:39.119 [info] > git show --textconv :nidas.dev/src/components/layout/layout.js [9ms]
2024-06-23 15:19:39.121 [info] > git ls-files --stage -- /home/leo/Projects/nidas.dev/nidas.dev/src/components/layout/layout.js [3ms]
2024-06-23 15:19:39.131 [info] > git cat-file -s 3e1cc8684103015a8f220dab54d4014f625a2e38 [3ms]
2024-06-23 15:19:40.558 [info] > git show --textconv :nidas.dev/src/pages/App.js [6ms]
2024-06-23 15:19:40.559 [info] > git ls-files --stage -- /home/leo/Projects/nidas.dev/nidas.dev/src/pages/App.js [2ms]
2024-06-23 15:19:40.565 [info] > git cat-file -s b1cddf65555027cb7a23828a1a8f89180147c383 [1ms]
2024-06-23 15:19:42.182 [info] > git show --textconv :nidas.dev/src/themes/theme.js [8ms]
2024-06-23 15:19:42.183 [info] > git ls-files --stage -- /home/leo/Projects/nidas.dev/nidas.dev/src/themes/theme.js [1ms]
2024-06-23 15:19:42.190 [info] > git cat-file -s 5426a5af75c6f934b7157017a7751a8e8bcd04b0 [2ms]
2024-06-23 15:19:44.039 [info] > git show --textconv :nidas.dev/src/components/structure/drawer.js [5ms]
2024-06-23 15:19:44.039 [info] > git ls-files --stage -- /home/leo/Projects/nidas.dev/nidas.dev/src/components/structure/drawer.js [1ms]
2024-06-23 15:19:44.044 [info] > git cat-file -s 6360c7c38561f6b8e3985bc53f12389327ff63a8 [1ms]
2024-06-23 15:19:44.607 [info] > git show --textconv :nidas.dev/src/components/structure/footer.js [8ms]
2024-06-23 15:19:44.608 [info] > git ls-files --stage -- /home/leo/Projects/nidas.dev/nidas.dev/src/components/structure/footer.js [1ms]
2024-06-23 15:19:44.615 [info] > git cat-file -s c1dd785779bb2f92ba0135f98cefc1b7fb4cdba2 [2ms]
2024-06-23 15:19:47.309 [info] > git show --textconv :nidas.dev/src/pages/App.js [6ms]
2024-06-23 15:19:47.310 [info] > git ls-files --stage -- /home/leo/Projects/nidas.dev/nidas.dev/src/pages/App.js [2ms]
2024-06-23 15:19:47.317 [info] > git cat-file -s b1cddf65555027cb7a23828a1a8f89180147c383 [2ms]
2024-06-23 15:19:49.856 [info] > git show --textconv :nidas.dev/src/themes/theme.js [9ms]
2024-06-23 15:19:49.858 [info] > git ls-files --stage -- /home/leo/Projects/nidas.dev/nidas.dev/src/themes/theme.js [3ms]
2024-06-23 15:19:49.868 [info] > git cat-file -s 5426a5af75c6f934b7157017a7751a8e8bcd04b0 [3ms]
2024-06-23 15:19:50.738 [info] > git show --textconv :nidas.dev/src/pages/App.js [4ms]
2024-06-23 15:19:50.739 [info] > git ls-files --stage -- /home/leo/Projects/nidas.dev/nidas.dev/src/pages/App.js [1ms]
2024-06-23 15:19:50.744 [info] > git cat-file -s b1cddf65555027cb7a23828a1a8f89180147c383 [1ms]
2024-06-23 15:19:52.105 [info] > git show --textconv :nidas.dev/src/themes/theme.js [15ms]
2024-06-23 15:19:52.106 [info] > git show --textconv :nidas.dev/src/pages/App.js [6ms]
2024-06-23 15:19:52.106 [info] > git ls-files --stage -- /home/leo/Projects/nidas.dev/nidas.dev/src/themes/theme.js [11ms]
2024-06-23 15:19:52.111 [info] > git ls-files --stage -- /home/leo/Projects/nidas.dev/nidas.dev/src/pages/App.js [6ms]
2024-06-23 15:19:52.116 [info] > git cat-file -s 5426a5af75c6f934b7157017a7751a8e8bcd04b0 [6ms]
2024-06-23 15:19:52.116 [info] > git cat-file -s b1cddf65555027cb7a23828a1a8f89180147c383 [1ms]
2024-06-23 15:33:28.068 [info] > git show --textconv :nidas.dev/src/pages/construction.js [5ms]
2024-06-23 15:33:28.069 [info] > git ls-files --stage -- /home/leo/Projects/nidas.dev/nidas.dev/src/pages/construction.js [1ms]
2024-06-23 15:33:28.075 [info] > git cat-file -s ae366f199e6ba351f6f6d879a235f1a2cee2fe93 [1ms]
2024-06-23 15:35:17.351 [info] > git show --textconv :nidas.dev/src/themes/theme.js [12ms]
2024-06-23 15:35:17.351 [info] > git show --textconv :nidas.dev/src/pages/construction.js [4ms]
2024-06-23 15:35:17.351 [info] > git ls-files --stage -- /home/leo/Projects/nidas.dev/nidas.dev/src/themes/theme.js [8ms]
2024-06-23 15:35:17.355 [info] > git ls-files --stage -- /home/leo/Projects/nidas.dev/nidas.dev/src/pages/construction.js [5ms]
2024-06-23 15:35:17.358 [info] > git cat-file -s 5426a5af75c6f934b7157017a7751a8e8bcd04b0 [4ms]
2024-06-23 15:35:17.359 [info] > git cat-file -s ae366f199e6ba351f6f6d879a235f1a2cee2fe93 [1ms]
2024-06-23 15:37:57.483 [info] > git config --get commit.template [4ms]
2024-06-23 15:37:57.483 [info] > git for-each-ref --format=%(refname)%00%(upstream:short)%00%(objectname)%00%(upstream:track)%00%(upstream:remotename)%00%(upstream:remoteref) refs/heads/dev refs/remotes/dev [1ms]
2024-06-23 15:37:57.488 [info] > git status -z -uall [1ms]
2024-06-23 15:38:20.314 [info] > git config --get commit.template [13ms]
2024-06-23 15:38:20.319 [info] > git for-each-ref --format=%(refname)%00%(upstream:short)%00%(objectname)%00%(upstream:track)%00%(upstream:remotename)%00%(upstream:remoteref) refs/heads/dev refs/remotes/dev [6ms]
2024-06-23 15:38:20.336 [info] > git status -z -uall [5ms]
2024-06-23 15:38:25.362 [info] > git config --get commit.template [11ms]
2024-06-23 15:38:25.365 [info] > git for-each-ref --format=%(refname)%00%(upstream:short)%00%(objectname)%00%(upstream:track)%00%(upstream:remotename)%00%(upstream:remoteref) refs/heads/dev refs/remotes/dev [4ms]
2024-06-23 15:38:25.380 [info] > git status -z -uall [5ms]
2024-06-23 15:38:29.317 [info] > git show --textconv :nidas.dev/src/pages/App.js [7ms]
2024-06-23 15:38:29.318 [info] > git ls-files --stage -- /home/leo/Projects/nidas.dev/nidas.dev/src/pages/App.js [1ms]
2024-06-23 15:38:29.326 [info] > git cat-file -s b1cddf65555027cb7a23828a1a8f89180147c383 [2ms]
2024-06-23 15:38:30.400 [info] > git config --get commit.template [3ms]
2024-06-23 15:38:30.415 [info] > git for-each-ref --format=%(refname)%00%(upstream:short)%00%(objectname)%00%(upstream:track)%00%(upstream:remotename)%00%(upstream:remoteref) refs/heads/dev refs/remotes/dev [4ms]
2024-06-23 15:38:30.433 [info] > git status -z -uall [6ms]
2024-06-23 15:38:32.542 [info] > git show --textconv :nidas.dev/src/pages/construction.js [4ms]
2024-06-23 15:38:32.542 [info] > git ls-files --stage -- /home/leo/Projects/nidas.dev/nidas.dev/src/pages/construction.js [0ms]
2024-06-23 15:38:32.547 [info] > git cat-file -s ae366f199e6ba351f6f6d879a235f1a2cee2fe93 [1ms]
2024-06-23 15:38:38.995 [info] > git config --get commit.template [13ms]
2024-06-23 15:38:38.999 [info] > git for-each-ref --format=%(refname)%00%(upstream:short)%00%(objectname)%00%(upstream:track)%00%(upstream:remotename)%00%(upstream:remoteref) refs/heads/dev refs/remotes/dev [5ms]
2024-06-23 15:38:39.010 [info] > git status -z -uall [3ms]
2024-06-23 15:39:18.436 [info] > git config --get commit.template [14ms]
2024-06-23 15:39:18.439 [info] > git for-each-ref --format=%(refname)%00%(upstream:short)%00%(objectname)%00%(upstream:track)%00%(upstream:remotename)%00%(upstream:remoteref) refs/heads/dev refs/remotes/dev [4ms]
2024-06-23 15:39:18.455 [info] > git status -z -uall [4ms]
2024-06-23 15:41:14.177 [info] > git config --get commit.template [7ms]
2024-06-23 15:41:14.178 [info] > git for-each-ref --format=%(refname)%00%(upstream:short)%00%(objectname)%00%(upstream:track)%00%(upstream:remotename)%00%(upstream:remoteref) refs/heads/dev refs/remotes/dev [2ms]
2024-06-23 15:41:14.185 [info] > git status -z -uall [2ms]
2024-06-23 15:41:30.088 [info] > git config --get commit.template [5ms]
2024-06-23 15:41:30.089 [info] > git for-each-ref --format=%(refname)%00%(upstream:short)%00%(objectname)%00%(upstream:track)%00%(upstream:remotename)%00%(upstream:remoteref) refs/heads/dev refs/remotes/dev [2ms]
2024-06-23 15:41:30.094 [info] > git status -z -uall [1ms]
2024-06-23 15:41:39.133 [info] > git config --get commit.template [13ms]
2024-06-23 15:41:39.137 [info] > git for-each-ref --format=%(refname)%00%(upstream:short)%00%(objectname)%00%(upstream:track)%00%(upstream:remotename)%00%(upstream:remoteref) refs/heads/dev refs/remotes/dev [4ms]
2024-06-23 15:41:39.155 [info] > git status -z -uall [7ms]
2024-06-23 15:43:11.204 [info] > git config --get commit.template [12ms]
2024-06-23 15:43:11.206 [info] > git for-each-ref --format=%(refname)%00%(upstream:short)%00%(objectname)%00%(upstream:track)%00%(upstream:remotename)%00%(upstream:remoteref) refs/heads/dev refs/remotes/dev [4ms]
2024-06-23 15:43:11.223 [info] > git status -z -uall [5ms]
2024-06-23 15:43:22.565 [info] > git config --get commit.template [13ms]
2024-06-23 15:43:22.568 [info] > git for-each-ref --format=%(refname)%00%(upstream:short)%00%(objectname)%00%(upstream:track)%00%(upstream:remotename)%00%(upstream:remoteref) refs/heads/dev refs/remotes/dev [3ms]
2024-06-23 15:43:22.584 [info] > git status -z -uall [4ms]
2024-06-23 15:44:18.836 [info] > git config --get commit.template [10ms]
2024-06-23 15:44:18.837 [info] > git for-each-ref --format=%(refname)%00%(upstream:short)%00%(objectname)%00%(upstream:track)%00%(upstream:remotename)%00%(upstream:remoteref) refs/heads/dev refs/remotes/dev [2ms]
2024-06-23 15:44:18.850 [info] > git status -z -uall [4ms]
2024-06-23 15:46:09.289 [info] > git config --get commit.template [11ms]
2024-06-23 15:46:09.292 [info] > git for-each-ref --format=%(refname)%00%(upstream:short)%00%(objectname)%00%(upstream:track)%00%(upstream:remotename)%00%(upstream:remoteref) refs/heads/dev refs/remotes/dev [4ms]
2024-06-23 15:46:09.308 [info] > git status -z -uall [5ms]
2024-06-23 15:46:17.427 [info] > git config --get commit.template [10ms]
2024-06-23 15:46:17.429 [info] > git for-each-ref --format=%(refname)%00%(upstream:short)%00%(objectname)%00%(upstream:track)%00%(upstream:remotename)%00%(upstream:remoteref) refs/heads/dev refs/remotes/dev [3ms]
2024-06-23 15:46:17.444 [info] > git status -z -uall [4ms]
2024-06-23 15:48:04.811 [info] > git config --get commit.template [12ms]
2024-06-23 15:48:04.814 [info] > git for-each-ref --format=%(refname)%00%(upstream:short)%00%(objectname)%00%(upstream:track)%00%(upstream:remotename)%00%(upstream:remoteref) refs/heads/dev refs/remotes/dev [4ms]
2024-06-23 15:48:04.830 [info] > git status -z -uall [5ms]
2024-06-23 15:48:09.854 [info] > git config --get commit.template [4ms]
2024-06-23 15:48:09.854 [info] > git for-each-ref --format=%(refname)%00%(upstream:short)%00%(objectname)%00%(upstream:track)%00%(upstream:remotename)%00%(upstream:remoteref) refs/heads/dev refs/remotes/dev [1ms]
2024-06-23 15:48:09.860 [info] > git status -z -uall [2ms]
2024-06-23 15:48:20.625 [info] > git config --get commit.template [13ms]
2024-06-23 15:48:20.627 [info] > git for-each-ref --format=%(refname)%00%(upstream:short)%00%(objectname)%00%(upstream:track)%00%(upstream:remotename)%00%(upstream:remoteref) refs/heads/dev refs/remotes/dev [4ms]
2024-06-23 15:48:20.644 [info] > git status -z -uall [5ms]
2024-06-23 15:48:38.292 [info] > git config --get commit.template [7ms]
2024-06-23 15:48:38.293 [info] > git for-each-ref --format=%(refname)%00%(upstream:short)%00%(objectname)%00%(upstream:track)%00%(upstream:remotename)%00%(upstream:remoteref) refs/heads/dev refs/remotes/dev [1ms]
2024-06-23 15:48:38.301 [info] > git status -z -uall [2ms]
2024-06-23 15:49:03.592 [info] > git config --get commit.template [15ms]
2024-06-23 15:49:03.594 [info] > git for-each-ref --format=%(refname)%00%(upstream:short)%00%(objectname)%00%(upstream:track)%00%(upstream:remotename)%00%(upstream:remoteref) refs/heads/dev refs/remotes/dev [4ms]
2024-06-23 15:49:03.612 [info] > git status -z -uall [6ms]
2024-06-23 15:49:24.751 [info] > git config --get commit.template [3ms]
2024-06-23 15:49:24.752 [info] > git for-each-ref --format=%(refname)%00%(upstream:short)%00%(objectname)%00%(upstream:track)%00%(upstream:remotename)%00%(upstream:remoteref) refs/heads/dev refs/remotes/dev [1ms]
2024-06-23 15:49:24.757 [info] > git status -z -uall [1ms]
2024-06-23 15:50:09.103 [info] > git config --get commit.template [13ms]
2024-06-23 15:50:09.105 [info] > git for-each-ref --format=%(refname)%00%(upstream:short)%00%(objectname)%00%(upstream:track)%00%(upstream:remotename)%00%(upstream:remoteref) refs/heads/dev refs/remotes/dev [3ms]
2024-06-23 15:50:09.121 [info] > git status -z -uall [5ms]
2024-06-23 15:50:38.390 [info] > git config --get commit.template [12ms]
2024-06-23 15:50:38.393 [info] > git for-each-ref --format=%(refname)%00%(upstream:short)%00%(objectname)%00%(upstream:track)%00%(upstream:remotename)%00%(upstream:remoteref) refs/heads/dev refs/remotes/dev [4ms]
2024-06-23 15:50:38.410 [info] > git status -z -uall [5ms]
2024-06-23 15:50:48.648 [info] > git config --get commit.template [5ms]
2024-06-23 15:50:48.648 [info] > git for-each-ref --format=%(refname)%00%(upstream:short)%00%(objectname)%00%(upstream:track)%00%(upstream:remotename)%00%(upstream:remoteref) refs/heads/dev refs/remotes/dev [1ms]
2024-06-23 15:50:48.654 [info] > git status -z -uall [1ms]
2024-06-23 15:50:53.679 [info] > git config --get commit.template [11ms]
2024-06-23 15:50:53.681 [info] > git for-each-ref --format=%(refname)%00%(upstream:short)%00%(objectname)%00%(upstream:track)%00%(upstream:remotename)%00%(upstream:remoteref) refs/heads/dev refs/remotes/dev [3ms]
2024-06-23 15:50:53.690 [info] > git status -z -uall [2ms]
2024-06-23 15:51:20.463 [info] > git config --get commit.template [12ms]
2024-06-23 15:51:20.467 [info] > git for-each-ref --format=%(refname)%00%(upstream:short)%00%(objectname)%00%(upstream:track)%00%(upstream:remotename)%00%(upstream:remoteref) refs/heads/dev refs/remotes/dev [5ms]
2024-06-23 15:51:20.485 [info] > git status -z -uall [6ms]
2024-06-23 15:51:31.642 [info] > git config --get commit.template [6ms]
2024-06-23 15:51:31.643 [info] > git for-each-ref --format=%(refname)%00%(upstream:short)%00%(objectname)%00%(upstream:track)%00%(upstream:remotename)%00%(upstream:remoteref) refs/heads/dev refs/remotes/dev [2ms]
2024-06-23 15:51:31.650 [info] > git status -z -uall [2ms]
2024-06-23 15:51:59.681 [info] > git show --textconv :nidas.dev/src/components/structure/drawer.js [5ms]
2024-06-23 15:51:59.681 [info] > git ls-files --stage -- /home/leo/Projects/nidas.dev/nidas.dev/src/components/structure/drawer.js [1ms]
2024-06-23 15:51:59.687 [info] > git cat-file -s 6360c7c38561f6b8e3985bc53f12389327ff63a8 [1ms]
2024-06-23 15:52:01.031 [info] > git show --textconv :nidas.dev/src/components/structure/footer.js [4ms]
2024-06-23 15:52:01.031 [info] > git ls-files --stage -- /home/leo/Projects/nidas.dev/nidas.dev/src/components/structure/footer.js [1ms]
2024-06-23 15:52:01.035 [info] > git cat-file -s c1dd785779bb2f92ba0135f98cefc1b7fb4cdba2 [1ms]
2024-06-23 15:52:02.316 [info] > git show --textconv :nidas.dev/src/components/structure/header.js [6ms]
2024-06-23 15:52:02.317 [info] > git ls-files --stage -- /home/leo/Projects/nidas.dev/nidas.dev/src/components/structure/header.js [1ms]
2024-06-23 15:52:02.323 [info] > git cat-file -s e0ce21d017f7760ba51c1b464999e8dec72e91f2 [1ms]
2024-06-23 15:52:18.684 [info] > git check-ignore -v -z --stdin [4ms]
2024-06-23 15:52:19.263 [info] > git config --get commit.template [11ms]
2024-06-23 15:52:19.265 [info] > git for-each-ref --format=%(refname)%00%(upstream:short)%00%(objectname)%00%(upstream:track)%00%(upstream:remotename)%00%(upstream:remoteref) refs/heads/dev refs/remotes/dev [4ms]
2024-06-23 15:52:19.281 [info] > git status -z -uall [5ms]
2024-06-23 15:52:36.931 [info] > git show --textconv :nidas.dev/src/themes/components/Card.js [13ms]
2024-06-23 15:52:36.933 [info] > git ls-files --stage -- /home/leo/Projects/nidas.dev/nidas.dev/src/themes/components/Card.js [4ms]
2024-06-23 15:52:37.187 [info] > git check-ignore -v -z --stdin [1ms]
2024-06-23 15:52:37.749 [info] > git config --get commit.template [9ms]
2024-06-23 15:52:37.751 [info] > git for-each-ref --format=%(refname)%00%(upstream:short)%00%(objectname)%00%(upstream:track)%00%(upstream:remotename)%00%(upstream:remoteref) refs/heads/dev refs/remotes/dev [3ms]
2024-06-23 15:52:37.763 [info] > git status -z -uall [4ms]
2024-06-23 15:52:45.821 [info] > git show --textconv :nidas.dev/src/themes/components/Button.js [15ms]
2024-06-23 15:52:45.823 [info] > git ls-files --stage -- /home/leo/Projects/nidas.dev/nidas.dev/src/themes/components/Button.js [4ms]
2024-06-23 15:52:46.080 [info] > git check-ignore -v -z --stdin [1ms]
2024-06-23 15:52:46.586 [info] > git config --get commit.template [5ms]
2024-06-23 15:52:46.587 [info] > git for-each-ref --format=%(refname)%00%(upstream:short)%00%(objectname)%00%(upstream:track)%00%(upstream:remotename)%00%(upstream:remoteref) refs/heads/dev refs/remotes/dev [2ms]
2024-06-23 15:52:46.593 [info] > git status -z -uall [2ms]
2024-06-23 15:52:51.475 [info] > git show --textconv :nidas.dev/src/themes/theme.js [4ms]
2024-06-23 15:52:51.476 [info] > git ls-files --stage -- /home/leo/Projects/nidas.dev/nidas.dev/src/themes/theme.js [1ms]
2024-06-23 15:52:51.481 [info] > git cat-file -s 5426a5af75c6f934b7157017a7751a8e8bcd04b0 [1ms]
2024-06-23 15:52:55.910 [info] > git show --textconv :nidas.dev/src/themes/components/Card.js [6ms]
2024-06-23 15:52:55.911 [info] > git ls-files --stage -- /home/leo/Projects/nidas.dev/nidas.dev/src/themes/components/Card.js [1ms]
2024-06-23 15:54:46.941 [info] > git show --textconv :nidas.dev/src/themes/theme.js [12ms]
2024-06-23 15:54:46.946 [info] > git ls-files --stage -- /home/leo/Projects/nidas.dev/nidas.dev/src/themes/theme.js [7ms]
2024-06-23 15:54:46.958 [info] > git cat-file -s 5426a5af75c6f934b7157017a7751a8e8bcd04b0 [1ms]
2024-06-23 15:55:21.418 [info] > git show --textconv :nidas.dev/src/themes/components/Card.js [8ms]
2024-06-23 15:55:21.419 [info] > git ls-files --stage -- /home/leo/Projects/nidas.dev/nidas.dev/src/themes/components/Card.js [2ms]
2024-06-23 15:55:29.673 [info] > git show --textconv :nidas.dev/src/themes/theme.js [5ms]
2024-06-23 15:55:29.674 [info] > git ls-files --stage -- /home/leo/Projects/nidas.dev/nidas.dev/src/themes/theme.js [1ms]
2024-06-23 15:55:29.679 [info] > git cat-file -s 5426a5af75c6f934b7157017a7751a8e8bcd04b0 [1ms]
2024-06-23 15:55:38.453 [info] > git show --textconv :nidas.dev/src/components/structure/header.js [4ms]
2024-06-23 15:55:38.454 [info] > git ls-files --stage -- /home/leo/Projects/nidas.dev/nidas.dev/src/components/structure/header.js [1ms]
2024-06-23 15:55:38.459 [info] > git cat-file -s e0ce21d017f7760ba51c1b464999e8dec72e91f2 [1ms]
2024-06-23 15:55:41.629 [info] > git show --textconv :nidas.dev/src/components/structure/drawer.js [7ms]
2024-06-23 15:55:41.630 [info] > git ls-files --stage -- /home/leo/Projects/nidas.dev/nidas.dev/src/components/structure/drawer.js [2ms]
2024-06-23 15:55:41.636 [info] > git cat-file -s 6360c7c38561f6b8e3985bc53f12389327ff63a8 [1ms]
2024-06-23 15:55:47.021 [info] > git show --textconv :nidas.dev/src/components/structure/footer.js [9ms]
2024-06-23 15:55:47.023 [info] > git ls-files --stage -- /home/leo/Projects/nidas.dev/nidas.dev/src/components/structure/footer.js [3ms]
2024-06-23 15:55:47.033 [info] > git cat-file -s c1dd785779bb2f92ba0135f98cefc1b7fb4cdba2 [3ms]
2024-06-23 15:55:49.938 [info] > git show --textconv :nidas.dev/src/pages/App.js [6ms]
2024-06-23 15:55:49.939 [info] > git ls-files --stage -- /home/leo/Projects/nidas.dev/nidas.dev/src/pages/App.js [2ms]
2024-06-23 15:55:49.945 [info] > git cat-file -s b1cddf65555027cb7a23828a1a8f89180147c383 [2ms]
2024-06-23 15:55:51.919 [info] > git show --textconv :nidas.dev/src/themes/components/Card.js [12ms]
2024-06-23 15:55:51.920 [info] > git ls-files --stage -- /home/leo/Projects/nidas.dev/nidas.dev/src/themes/components/Card.js [3ms]
2024-06-23 15:55:57.227 [info] > git show --textconv :nidas.dev/src/components/structure/header.js [14ms]
2024-06-23 15:55:57.229 [info] > git ls-files --stage -- /home/leo/Projects/nidas.dev/nidas.dev/src/components/structure/header.js [4ms]
2024-06-23 15:55:57.244 [info] > git cat-file -s e0ce21d017f7760ba51c1b464999e8dec72e91f2 [4ms]
2024-06-23 15:56:29.381 [info] > git show --textconv :nidas.dev/src/themes/components/Card.js [9ms]
2024-06-23 15:56:29.382 [info] > git ls-files --stage -- /home/leo/Projects/nidas.dev/nidas.dev/src/themes/components/Card.js [2ms]
2024-06-23 15:56:38.475 [info] > git show --textconv :nidas.dev/src/themes/theme.js [6ms]
2024-06-23 15:56:38.476 [info] > git ls-files --stage -- /home/leo/Projects/nidas.dev/nidas.dev/src/themes/theme.js [1ms]
2024-06-23 15:56:38.484 [info] > git cat-file -s 5426a5af75c6f934b7157017a7751a8e8bcd04b0 [2ms]
2024-06-23 15:58:08.014 [info] > git config --get commit.template [14ms]
2024-06-23 15:58:08.017 [info] > git for-each-ref --format=%(refname)%00%(upstream:short)%00%(objectname)%00%(upstream:track)%00%(upstream:remotename)%00%(upstream:remoteref) refs/heads/dev refs/remotes/dev [4ms]
2024-06-23 15:58:08.035 [info] > git status -z -uall [6ms]
2024-06-23 15:58:20.136 [info] > git config --get commit.template [6ms]
2024-06-23 15:58:20.136 [info] > git for-each-ref --format=%(refname)%00%(upstream:short)%00%(objectname)%00%(upstream:track)%00%(upstream:remotename)%00%(upstream:remoteref) refs/heads/dev refs/remotes/dev [1ms]
2024-06-23 15:58:20.142 [info] > git status -z -uall [2ms]
2024-06-23 15:58:32.706 [info] > git show --textconv :nidas.dev/src/pages/construction.js [5ms]
2024-06-23 15:58:32.706 [info] > git ls-files --stage -- /home/leo/Projects/nidas.dev/nidas.dev/src/pages/construction.js [1ms]
2024-06-23 15:58:32.711 [info] > git cat-file -s ae366f199e6ba351f6f6d879a235f1a2cee2fe93 [1ms]
2024-06-23 15:59:03.796 [info] > git config --get commit.template [13ms]
2024-06-23 15:59:03.799 [info] > git for-each-ref --format=%(refname)%00%(upstream:short)%00%(objectname)%00%(upstream:track)%00%(upstream:remotename)%00%(upstream:remoteref) refs/heads/dev refs/remotes/dev [5ms]
2024-06-23 15:59:03.818 [info] > git status -z -uall [6ms]
2024-06-23 15:59:13.171 [info] > git config --get commit.template [12ms]
2024-06-23 15:59:13.173 [info] > git for-each-ref --format=%(refname)%00%(upstream:short)%00%(objectname)%00%(upstream:track)%00%(upstream:remotename)%00%(upstream:remoteref) refs/heads/dev refs/remotes/dev [3ms]
2024-06-23 15:59:13.189 [info] > git status -z -uall [5ms]
2024-06-23 15:59:18.210 [info] > git config --get commit.template [9ms]
2024-06-23 15:59:18.212 [info] > git for-each-ref --format=%(refname)%00%(upstream:short)%00%(objectname)%00%(upstream:track)%00%(upstream:remotename)%00%(upstream:remoteref) refs/heads/dev refs/remotes/dev [3ms]
2024-06-23 15:59:18.225 [info] > git status -z -uall [4ms]
2024-06-23 15:59:58.547 [info] > git config --get commit.template [8ms]
2024-06-23 15:59:58.549 [info] > git for-each-ref --format=%(refname)%00%(upstream:short)%00%(objectname)%00%(upstream:track)%00%(upstream:remotename)%00%(upstream:remoteref) refs/heads/dev refs/remotes/dev [3ms]
2024-06-23 15:59:58.558 [info] > git status -z -uall [2ms]
2024-06-23 16:01:16.080 [info] > git config --get commit.template [13ms]
2024-06-23 16:01:16.084 [info] > git for-each-ref --format=%(refname)%00%(upstream:short)%00%(objectname)%00%(upstream:track)%00%(upstream:remotename)%00%(upstream:remoteref) refs/heads/dev refs/remotes/dev [5ms]
2024-06-23 16:01:16.099 [info] > git status -z -uall [4ms]
2024-06-23 16:01:31.518 [info] > git config --get commit.template [7ms]
2024-06-23 16:01:31.519 [info] > git for-each-ref --format=%(refname)%00%(upstream:short)%00%(objectname)%00%(upstream:track)%00%(upstream:remotename)%00%(upstream:remoteref) refs/heads/dev refs/remotes/dev [2ms]
2024-06-23 16:01:31.526 [info] > git status -z -uall [2ms]
2024-06-23 16:01:39.618 [info] > git show --textconv :nidas.dev/src/themes/Card.js [11ms]
2024-06-23 16:01:39.620 [info] > git ls-files --stage -- /home/leo/Projects/nidas.dev/nidas.dev/src/themes/Card.js [3ms]
2024-06-23 16:01:39.885 [info] > git check-ignore -v -z --stdin [1ms]
2024-06-23 16:01:40.427 [info] > git config --get commit.template [4ms]
2024-06-23 16:01:40.427 [info] > git for-each-ref --format=%(refname)%00%(upstream:short)%00%(objectname)%00%(upstream:track)%00%(upstream:remotename)%00%(upstream:remoteref) refs/heads/dev refs/remotes/dev [1ms]
2024-06-23 16:01:40.432 [info] > git status -z -uall [2ms]
2024-06-23 16:01:58.164 [info] > git show --textconv :nidas.dev/src/themes/theme.js [4ms]
2024-06-23 16:01:58.165 [info] > git ls-files --stage -- /home/leo/Projects/nidas.dev/nidas.dev/src/themes/theme.js [1ms]
2024-06-23 16:01:58.169 [info] > git cat-file -s 5426a5af75c6f934b7157017a7751a8e8bcd04b0 [1ms]
2024-06-23 16:02:50.080 [info] > git config --get commit.template [7ms]
2024-06-23 16:02:50.081 [info] > git for-each-ref --format=%(refname)%00%(upstream:short)%00%(objectname)%00%(upstream:track)%00%(upstream:remotename)%00%(upstream:remoteref) refs/heads/dev refs/remotes/dev [1ms]
2024-06-23 16:02:50.089 [info] > git status -z -uall [2ms]
2024-06-23 16:04:22.561 [info] > git config --get commit.template [7ms]
2024-06-23 16:04:22.561 [info] > git for-each-ref --format=%(refname)%00%(upstream:short)%00%(objectname)%00%(upstream:track)%00%(upstream:remotename)%00%(upstream:remoteref) refs/heads/dev refs/remotes/dev [2ms]
2024-06-23 16:04:22.569 [info] > git status -z -uall [2ms]
2024-06-23 16:11:13.089 [info] > git config --get commit.template [4ms]
2024-06-23 16:11:13.090 [info] > git for-each-ref --format=%(refname)%00%(upstream:short)%00%(objectname)%00%(upstream:track)%00%(upstream:remotename)%00%(upstream:remoteref) refs/heads/dev refs/remotes/dev [1ms]
2024-06-23 16:11:13.097 [info] > git status -z -uall [2ms]
2024-06-23 16:15:55.266 [info] > git config --get commit.template [6ms]
2024-06-23 16:15:55.267 [info] > git for-each-ref --format=%(refname)%00%(upstream:short)%00%(objectname)%00%(upstream:track)%00%(upstream:remotename)%00%(upstream:remoteref) refs/heads/dev refs/remotes/dev [1ms]
2024-06-23 16:15:55.275 [info] > git status -z -uall [2ms]
2024-06-23 16:16:03.152 [info] > git config --get commit.template [2ms]
2024-06-23 16:16:03.160 [info] > git for-each-ref --format=%(refname)%00%(upstream:short)%00%(objectname)%00%(upstream:track)%00%(upstream:remotename)%00%(upstream:remoteref) refs/heads/dev refs/remotes/dev [2ms]
2024-06-23 16:16:03.167 [info] > git status -z -uall [2ms]
2024-06-23 16:16:21.997 [info] > git config --get commit.template [14ms]
2024-06-23 16:16:21.998 [info] > git for-each-ref --format=%(refname)%00%(upstream:short)%00%(objectname)%00%(upstream:track)%00%(upstream:remotename)%00%(upstream:remoteref) refs/heads/dev refs/remotes/dev [4ms]
2024-06-23 16:16:22.014 [info] > git status -z -uall [5ms]
2024-06-23 16:16:34.985 [info] > git config --get commit.template [11ms]
2024-06-23 16:16:34.988 [info] > git for-each-ref --format=%(refname)%00%(upstream:short)%00%(objectname)%00%(upstream:track)%00%(upstream:remotename)%00%(upstream:remoteref) refs/heads/dev refs/remotes/dev [4ms]
2024-06-23 16:16:35.003 [info] > git status -z -uall [4ms]
2024-06-23 16:17:30.692 [info] > git config --get commit.template [6ms]
2024-06-23 16:17:30.693 [info] > git for-each-ref --format=%(refname)%00%(upstream:short)%00%(objectname)%00%(upstream:track)%00%(upstream:remotename)%00%(upstream:remoteref) refs/heads/dev refs/remotes/dev [1ms]
2024-06-23 16:17:30.701 [info] > git status -z -uall [2ms]
2024-06-23 16:17:36.906 [info] > git config --get commit.template [13ms]
2024-06-23 16:17:36.908 [info] > git for-each-ref --format=%(refname)%00%(upstream:short)%00%(objectname)%00%(upstream:track)%00%(upstream:remotename)%00%(upstream:remoteref) refs/heads/dev refs/remotes/dev [3ms]
2024-06-23 16:17:36.925 [info] > git status -z -uall [5ms]
2024-06-23 16:17:44.919 [info] > git config --get commit.template [12ms]
2024-06-23 16:17:44.921 [info] > git for-each-ref --format=%(refname)%00%(upstream:short)%00%(objectname)%00%(upstream:track)%00%(upstream:remotename)%00%(upstream:remoteref) refs/heads/dev refs/remotes/dev [4ms]
2024-06-23 16:17:44.940 [info] > git status -z -uall [6ms]
2024-06-23 16:17:49.971 [info] > git config --get commit.template [14ms]
2024-06-23 16:17:49.974 [info] > git for-each-ref --format=%(refname)%00%(upstream:short)%00%(objectname)%00%(upstream:track)%00%(upstream:remotename)%00%(upstream:remoteref) refs/heads/dev refs/remotes/dev [5ms]
2024-06-23 16:17:49.991 [info] > git status -z -uall [5ms]
2024-06-23 16:17:55.021 [info] > git config --get commit.template [13ms]
2024-06-23 16:17:55.024 [info] > git for-each-ref --format=%(refname)%00%(upstream:short)%00%(objectname)%00%(upstream:track)%00%(upstream:remotename)%00%(upstream:remoteref) refs/heads/dev refs/remotes/dev [3ms]
2024-06-23 16:17:55.039 [info] > git status -z -uall [4ms]
2024-06-23 16:18:20.540 [info] > git config --get commit.template [12ms]
2024-06-23 16:18:20.542 [info] > git for-each-ref --format=%(refname)%00%(upstream:short)%00%(objectname)%00%(upstream:track)%00%(upstream:remotename)%00%(upstream:remoteref) refs/heads/dev refs/remotes/dev [3ms]
2024-06-23 16:18:20.561 [info] > git status -z -uall [6ms]
2024-06-23 16:18:35.265 [info] > git config --get commit.template [13ms]
2024-06-23 16:18:35.268 [info] > git for-each-ref --format=%(refname)%00%(upstream:short)%00%(objectname)%00%(upstream:track)%00%(upstream:remotename)%00%(upstream:remoteref) refs/heads/dev refs/remotes/dev [4ms]
2024-06-23 16:18:35.286 [info] > git status -z -uall [5ms]
2024-06-23 16:21:35.072 [info] > git config --get commit.template [14ms]
2024-06-23 16:21:35.075 [info] > git for-each-ref --format=%(refname)%00%(upstream:short)%00%(objectname)%00%(upstream:track)%00%(upstream:remotename)%00%(upstream:remoteref) refs/heads/dev refs/remotes/dev [4ms]
2024-06-23 16:21:35.093 [info] > git status -z -uall [6ms]
2024-06-23 16:21:57.988 [info] > git config --get commit.template [14ms]
2024-06-23 16:21:57.991 [info] > git for-each-ref --format=%(refname)%00%(upstream:short)%00%(objectname)%00%(upstream:track)%00%(upstream:remotename)%00%(upstream:remoteref) refs/heads/dev refs/remotes/dev [4ms]
2024-06-23 16:21:58.009 [info] > git status -z -uall [5ms]
2024-06-23 16:22:22.264 [info] > git config --get commit.template [8ms]
2024-06-23 16:22:22.266 [info] > git for-each-ref --format=%(refname)%00%(upstream:short)%00%(objectname)%00%(upstream:track)%00%(upstream:remotename)%00%(upstream:remoteref) refs/heads/dev refs/remotes/dev [3ms]
2024-06-23 16:22:22.277 [info] > git status -z -uall [4ms]
2024-06-23 16:22:27.717 [info] > git config --get commit.template [13ms]
2024-06-23 16:22:27.720 [info] > git for-each-ref --format=%(refname)%00%(upstream:short)%00%(objectname)%00%(upstream:track)%00%(upstream:remotename)%00%(upstream:remoteref) refs/heads/dev refs/remotes/dev [4ms]
2024-06-23 16:22:27.738 [info] > git status -z -uall [5ms]
2024-06-23 16:22:43.379 [info] > git config --get commit.template [5ms]
2024-06-23 16:22:43.380 [info] > git for-each-ref --format=%(refname)%00%(upstream:short)%00%(objectname)%00%(upstream:track)%00%(upstream:remotename)%00%(upstream:remoteref) refs/heads/dev refs/remotes/dev [1ms]
2024-06-23 16:22:43.386 [info] > git status -z -uall [2ms]
2024-06-23 16:23:05.747 [info] > git config --get commit.template [14ms]
2024-06-23 16:23:05.750 [info] > git for-each-ref --format=%(refname)%00%(upstream:short)%00%(objectname)%00%(upstream:track)%00%(upstream:remotename)%00%(upstream:remoteref) refs/heads/dev refs/remotes/dev [4ms]
2024-06-23 16:23:05.768 [info] > git status -z -uall [6ms]
2024-06-23 16:23:16.820 [info] > git config --get commit.template [10ms]
2024-06-23 16:23:16.822 [info] > git for-each-ref --format=%(refname)%00%(upstream:short)%00%(objectname)%00%(upstream:track)%00%(upstream:remotename)%00%(upstream:remoteref) refs/heads/dev refs/remotes/dev [3ms]
2024-06-23 16:23:16.835 [info] > git status -z -uall [4ms]
2024-06-23 16:23:31.221 [info] > git config --get commit.template [12ms]
2024-06-23 16:23:31.223 [info] > git for-each-ref --format=%(refname)%00%(upstream:short)%00%(objectname)%00%(upstream:track)%00%(upstream:remotename)%00%(upstream:remoteref) refs/heads/dev refs/remotes/dev [4ms]
2024-06-23 16:23:31.239 [info] > git status -z -uall [5ms]
2024-06-23 16:23:38.864 [info] > git config --get commit.template [6ms]
2024-06-23 16:23:38.865 [info] > git for-each-ref --format=%(refname)%00%(upstream:short)%00%(objectname)%00%(upstream:track)%00%(upstream:remotename)%00%(upstream:remoteref) refs/heads/dev refs/remotes/dev [1ms]
2024-06-23 16:23:38.872 [info] > git status -z -uall [2ms]
2024-06-23 16:26:56.780 [info] > git config --get commit.template [7ms]
2024-06-23 16:26:56.781 [info] > git for-each-ref --format=%(refname)%00%(upstream:short)%00%(objectname)%00%(upstream:track)%00%(upstream:remotename)%00%(upstream:remoteref) refs/heads/dev refs/remotes/dev [2ms]
2024-06-23 16:26:56.788 [info] > git status -z -uall [1ms]
2024-06-23 16:27:26.332 [info] > git config --get commit.template [14ms]
2024-06-23 16:27:26.334 [info] > git for-each-ref --format=%(refname)%00%(upstream:short)%00%(objectname)%00%(upstream:track)%00%(upstream:remotename)%00%(upstream:remoteref) refs/heads/dev refs/remotes/dev [4ms]
2024-06-23 16:27:26.349 [info] > git status -z -uall [3ms]
2024-06-23 16:29:19.484 [info] > git config --get commit.template [7ms]
2024-06-23 16:29:19.485 [info] > git for-each-ref --format=%(refname)%00%(upstream:short)%00%(objectname)%00%(upstream:track)%00%(upstream:remotename)%00%(upstream:remoteref) refs/heads/dev refs/remotes/dev [2ms]
2024-06-23 16:29:19.492 [info] > git status -z -uall [2ms]
2024-06-23 16:29:24.346 [info] > git show --textconv :nidas.dev/src/themes/Card.js [13ms]
2024-06-23 16:29:24.349 [info] > git ls-files --stage -- /home/leo/Projects/nidas.dev/nidas.dev/src/themes/Card.js [4ms]
2024-06-23 16:29:32.690 [info] > git show --textconv :nidas.dev/src/themes/theme.js [6ms]
2024-06-23 16:29:32.690 [info] > git ls-files --stage -- /home/leo/Projects/nidas.dev/nidas.dev/src/themes/theme.js [1ms]
2024-06-23 16:29:32.696 [info] > git cat-file -s 5426a5af75c6f934b7157017a7751a8e8bcd04b0 [1ms]
2024-06-23 16:29:45.214 [info] > git config --get commit.template [12ms]
2024-06-23 16:29:45.216 [info] > git for-each-ref --format=%(refname)%00%(upstream:short)%00%(objectname)%00%(upstream:track)%00%(upstream:remotename)%00%(upstream:remoteref) refs/heads/dev refs/remotes/dev [3ms]
2024-06-23 16:29:45.232 [info] > git status -z -uall [4ms]
2024-06-23 16:29:59.012 [info] > git config --get commit.template [7ms]
2024-06-23 16:29:59.013 [info] > git for-each-ref --format=%(refname)%00%(upstream:short)%00%(objectname)%00%(upstream:track)%00%(upstream:remotename)%00%(upstream:remoteref) refs/heads/dev refs/remotes/dev [1ms]
2024-06-23 16:29:59.023 [info] > git status -z -uall [3ms]
2024-06-23 16:30:27.921 [info] > git config --get commit.template [14ms]
2024-06-23 16:30:27.924 [info] > git for-each-ref --format=%(refname)%00%(upstream:short)%00%(objectname)%00%(upstream:track)%00%(upstream:remotename)%00%(upstream:remoteref) refs/heads/dev refs/remotes/dev [4ms]
2024-06-23 16:30:27.942 [info] > git status -z -uall [5ms]
2024-06-23 16:31:08.652 [info] > git config --get commit.template [12ms]
2024-06-23 16:31:08.654 [info] > git for-each-ref --format=%(refname)%00%(upstream:short)%00%(objectname)%00%(upstream:track)%00%(upstream:remotename)%00%(upstream:remoteref) refs/heads/dev refs/remotes/dev [4ms]
2024-06-23 16:31:08.673 [info] > git status -z -uall [5ms]
2024-06-23 16:31:19.294 [info] > git config --get commit.template [5ms]
2024-06-23 16:31:19.294 [info] > git for-each-ref --format=%(refname)%00%(upstream:short)%00%(objectname)%00%(upstream:track)%00%(upstream:remotename)%00%(upstream:remoteref) refs/heads/dev refs/remotes/dev [1ms]
2024-06-23 16:31:19.301 [info] > git status -z -uall [2ms]
2024-06-23 16:31:30.119 [info] > git config --get commit.template [13ms]
2024-06-23 16:31:30.122 [info] > git for-each-ref --format=%(refname)%00%(upstream:short)%00%(objectname)%00%(upstream:track)%00%(upstream:remotename)%00%(upstream:remoteref) refs/heads/dev refs/remotes/dev [4ms]
2024-06-23 16:31:30.140 [info] > git status -z -uall [6ms]
2024-06-23 16:32:01.249 [info] > git config --get commit.template [13ms]
2024-06-23 16:32:01.252 [info] > git for-each-ref --format=%(refname)%00%(upstream:short)%00%(objectname)%00%(upstream:track)%00%(upstream:remotename)%00%(upstream:remoteref) refs/heads/dev refs/remotes/dev [4ms]
2024-06-23 16:32:01.269 [info] > git status -z -uall [5ms]
2024-06-23 16:32:25.488 [info] > git config --get commit.template [13ms]
2024-06-23 16:32:25.490 [info] > git for-each-ref --format=%(refname)%00%(upstream:short)%00%(objectname)%00%(upstream:track)%00%(upstream:remotename)%00%(upstream:remoteref) refs/heads/dev refs/remotes/dev [4ms]
2024-06-23 16:32:25.509 [info] > git status -z -uall [5ms]
2024-06-23 16:32:37.070 [info] > git config --get commit.template [14ms]
2024-06-23 16:32:37.073 [info] > git for-each-ref --format=%(refname)%00%(upstream:short)%00%(objectname)%00%(upstream:track)%00%(upstream:remotename)%00%(upstream:remoteref) refs/heads/dev refs/remotes/dev [4ms]
2024-06-23 16:32:37.091 [info] > git status -z -uall [5ms]
2024-06-23 16:32:56.483 [info] > git config --get commit.template [5ms]
2024-06-23 16:32:56.483 [info] > git for-each-ref --format=%(refname)%00%(upstream:short)%00%(objectname)%00%(upstream:track)%00%(upstream:remotename)%00%(upstream:remoteref) refs/heads/dev refs/remotes/dev [1ms]
2024-06-23 16:32:56.489 [info] > git status -z -uall [2ms]
2024-06-23 16:35:06.648 [info] > git config --get commit.template [7ms]
2024-06-23 16:35:06.649 [info] > git for-each-ref --format=%(refname)%00%(upstream:short)%00%(objectname)%00%(upstream:track)%00%(upstream:remotename)%00%(upstream:remoteref) refs/heads/dev refs/remotes/dev [2ms]
2024-06-23 16:35:06.656 [info] > git status -z -uall [2ms]
2024-06-23 16:36:12.349 [info] > git config --get commit.template [15ms]
2024-06-23 16:36:12.350 [info] > git for-each-ref --format=%(refname)%00%(upstream:short)%00%(objectname)%00%(upstream:track)%00%(upstream:remotename)%00%(upstream:remoteref) refs/heads/dev refs/remotes/dev [4ms]
2024-06-23 16:36:12.363 [info] > git status -z -uall [3ms]
2024-06-23 16:36:17.383 [info] > git config --get commit.template [10ms]
2024-06-23 16:36:17.385 [info] > git for-each-ref --format=%(refname)%00%(upstream:short)%00%(objectname)%00%(upstream:track)%00%(upstream:remotename)%00%(upstream:remoteref) refs/heads/dev refs/remotes/dev [3ms]
2024-06-23 16:36:17.399 [info] > git status -z -uall [4ms]
2024-06-23 16:36:28.421 [info] > git config --get commit.template [13ms]
2024-06-23 16:36:28.424 [info] > git for-each-ref --format=%(refname)%00%(upstream:short)%00%(objectname)%00%(upstream:track)%00%(upstream:remotename)%00%(upstream:remoteref) refs/heads/dev refs/remotes/dev [4ms]
2024-06-23 16:36:28.441 [info] > git status -z -uall [5ms]
2024-06-23 16:37:19.510 [info] > git config --get commit.template [11ms]
2024-06-23 16:37:19.512 [info] > git for-each-ref --format=%(refname)%00%(upstream:short)%00%(objectname)%00%(upstream:track)%00%(upstream:remotename)%00%(upstream:remoteref) refs/heads/dev refs/remotes/dev [3ms]
2024-06-23 16:37:19.527 [info] > git status -z -uall [4ms]
2024-06-23 16:41:21.134 [info] > git config --get commit.template [13ms]
2024-06-23 16:41:21.136 [info] > git for-each-ref --format=%(refname)%00%(upstream:short)%00%(objectname)%00%(upstream:track)%00%(upstream:remotename)%00%(upstream:remoteref) refs/heads/dev refs/remotes/dev [3ms]
2024-06-23 16:41:21.154 [info] > git status -z -uall [5ms]
2024-06-23 16:41:33.472 [info] > git config --get commit.template [12ms]
2024-06-23 16:41:33.475 [info] > git for-each-ref --format=%(refname)%00%(upstream:short)%00%(objectname)%00%(upstream:track)%00%(upstream:remotename)%00%(upstream:remoteref) refs/heads/dev refs/remotes/dev [4ms]
2024-06-23 16:41:33.492 [info] > git status -z -uall [5ms]
2024-06-23 16:41:51.188 [info] > git config --get commit.template [11ms]
2024-06-23 16:41:51.190 [info] > git for-each-ref --format=%(refname)%00%(upstream:short)%00%(objectname)%00%(upstream:track)%00%(upstream:remotename)%00%(upstream:remoteref) refs/heads/dev refs/remotes/dev [3ms]
2024-06-23 16:41:51.204 [info] > git status -z -uall [4ms]
2024-06-23 16:42:02.626 [info] > git config --get commit.template [5ms]
2024-06-23 16:42:02.626 [info] > git for-each-ref --format=%(refname)%00%(upstream:short)%00%(objectname)%00%(upstream:track)%00%(upstream:remotename)%00%(upstream:remoteref) refs/heads/dev refs/remotes/dev [1ms]
2024-06-23 16:42:02.632 [info] > git status -z -uall [2ms]
2024-06-23 16:42:14.346 [info] > git config --get commit.template [13ms]
2024-06-23 16:42:14.348 [info] > git for-each-ref --format=%(refname)%00%(upstream:short)%00%(objectname)%00%(upstream:track)%00%(upstream:remotename)%00%(upstream:remoteref) refs/heads/dev refs/remotes/dev [3ms]
2024-06-23 16:42:14.366 [info] > git status -z -uall [6ms]
2024-06-23 16:42:47.836 [info] > git config --get commit.template [15ms]
2024-06-23 16:42:47.840 [info] > git for-each-ref --format=%(refname)%00%(upstream:short)%00%(objectname)%00%(upstream:track)%00%(upstream:remotename)%00%(upstream:remoteref) refs/heads/dev refs/remotes/dev [5ms]
2024-06-23 16:42:47.858 [info] > git status -z -uall [5ms]
2024-06-23 16:43:00.468 [info] > git config --get commit.template [14ms]
2024-06-23 16:43:00.470 [info] > git for-each-ref --format=%(refname)%00%(upstream:short)%00%(objectname)%00%(upstream:track)%00%(upstream:remotename)%00%(upstream:remoteref) refs/heads/dev refs/remotes/dev [4ms]
2024-06-23 16:43:00.487 [info] > git status -z -uall [5ms]
2024-06-23 16:43:44.144 [info] > git config --get commit.template [13ms]
2024-06-23 16:43:44.146 [info] > git for-each-ref --format=%(refname)%00%(upstream:short)%00%(objectname)%00%(upstream:track)%00%(upstream:remotename)%00%(upstream:remoteref) refs/heads/dev refs/remotes/dev [4ms]
2024-06-23 16:43:44.161 [info] > git status -z -uall [4ms]
2024-06-23 16:43:57.025 [info] > git config --get commit.template [12ms]
2024-06-23 16:43:57.029 [info] > git for-each-ref --format=%(refname)%00%(upstream:short)%00%(objectname)%00%(upstream:track)%00%(upstream:remotename)%00%(upstream:remoteref) refs/heads/dev refs/remotes/dev [5ms]
2024-06-23 16:43:57.047 [info] > git status -z -uall [6ms]
2024-06-23 16:44:09.823 [info] > git config --get commit.template [8ms]
2024-06-23 16:44:09.824 [info] > git for-each-ref --format=%(refname)%00%(upstream:short)%00%(objectname)%00%(upstream:track)%00%(upstream:remotename)%00%(upstream:remoteref) refs/heads/dev refs/remotes/dev [3ms]
2024-06-23 16:44:09.834 [info] > git status -z -uall [3ms]
2024-06-23 16:44:28.199 [info] > git config --get commit.template [12ms]
2024-06-23 16:44:28.201 [info] > git for-each-ref --format=%(refname)%00%(upstream:short)%00%(objectname)%00%(upstream:track)%00%(upstream:remotename)%00%(upstream:remoteref) refs/heads/dev refs/remotes/dev [3ms]
2024-06-23 16:44:28.218 [info] > git status -z -uall [5ms]
2024-06-23 16:44:40.592 [info] > git config --get commit.template [4ms]
2024-06-23 16:44:40.593 [info] > git for-each-ref --format=%(refname)%00%(upstream:short)%00%(objectname)%00%(upstream:track)%00%(upstream:remotename)%00%(upstream:remoteref) refs/heads/dev refs/remotes/dev [1ms]
2024-06-23 16:44:40.598 [info] > git status -z -uall [1ms]
2024-06-23 16:45:56.113 [info] > git show --textconv :nidas.dev/src/themes/Card.js [4ms]
2024-06-23 16:45:56.113 [info] > git ls-files --stage -- /home/leo/Projects/nidas.dev/nidas.dev/src/themes/Card.js [0ms]
2024-06-23 16:46:01.701 [info] > git show --textconv :nidas.dev/src/themes/theme.js [5ms]
2024-06-23 16:46:01.701 [info] > git ls-files --stage -- /home/leo/Projects/nidas.dev/nidas.dev/src/themes/theme.js [1ms]
2024-06-23 16:46:01.707 [info] > git cat-file -s 5426a5af75c6f934b7157017a7751a8e8bcd04b0 [1ms]
2024-06-23 16:46:06.534 [info] > git show --textconv :nidas.dev/src/themes/Card.js [9ms]
2024-06-23 16:46:06.535 [info] > git ls-files --stage -- /home/leo/Projects/nidas.dev/nidas.dev/src/themes/Card.js [2ms]
2024-06-23 16:47:08.892 [info] > git show --textconv :nidas.dev/src/themes/theme.js [12ms]
2024-06-23 16:47:08.894 [info] > git ls-files --stage -- /home/leo/Projects/nidas.dev/nidas.dev/src/themes/theme.js [3ms]
2024-06-23 16:47:08.907 [info] > git cat-file -s 5426a5af75c6f934b7157017a7751a8e8bcd04b0 [3ms]
2024-06-23 16:48:52.905 [info] > git config --get commit.template [7ms]
2024-06-23 16:48:52.905 [info] > git for-each-ref --format=%(refname)%00%(upstream:short)%00%(objectname)%00%(upstream:track)%00%(upstream:remotename)%00%(upstream:remoteref) refs/heads/dev refs/remotes/dev [1ms]
2024-06-23 16:48:52.912 [info] > git status -z -uall [1ms]
2024-06-23 16:50:23.279 [info] > git config --get commit.template [7ms]
2024-06-23 16:50:23.280 [info] > git for-each-ref --format=%(refname)%00%(upstream:short)%00%(objectname)%00%(upstream:track)%00%(upstream:remotename)%00%(upstream:remoteref) refs/heads/dev refs/remotes/dev [2ms]
2024-06-23 16:50:23.288 [info] > git status -z -uall [3ms]
2024-06-23 16:50:32.996 [info] > git config --get commit.template [12ms]
2024-06-23 16:50:32.998 [info] > git for-each-ref --format=%(refname)%00%(upstream:short)%00%(objectname)%00%(upstream:track)%00%(upstream:remotename)%00%(upstream:remoteref) refs/heads/dev refs/remotes/dev [4ms]
2024-06-23 16:50:33.015 [info] > git status -z -uall [5ms]
2024-06-23 16:52:34.921 [info] > git config --get commit.template [7ms]
2024-06-23 16:52:34.922 [info] > git for-each-ref --format=%(refname)%00%(upstream:short)%00%(objectname)%00%(upstream:track)%00%(upstream:remotename)%00%(upstream:remoteref) refs/heads/dev refs/remotes/dev [2ms]
2024-06-23 16:52:34.929 [info] > git status -z -uall [1ms]
2024-06-23 16:54:06.266 [info] > git show --textconv :nidas.dev/src/themes/Card.js [4ms]
2024-06-23 16:54:06.266 [info] > git ls-files --stage -- /home/leo/Projects/nidas.dev/nidas.dev/src/themes/Card.js [1ms]
2024-06-23 16:55:27.671 [info] > git config --get commit.template [6ms]
2024-06-23 16:55:27.672 [info] > git for-each-ref --format=%(refname)%00%(upstream:short)%00%(objectname)%00%(upstream:track)%00%(upstream:remotename)%00%(upstream:remoteref) refs/heads/dev refs/remotes/dev [1ms]
2024-06-23 16:55:27.680 [info] > git status -z -uall [2ms]
2024-06-23 16:55:40.383 [info] > git config --get commit.template [13ms]
2024-06-23 16:55:40.385 [info] > git for-each-ref --format=%(refname)%00%(upstream:short)%00%(objectname)%00%(upstream:track)%00%(upstream:remotename)%00%(upstream:remoteref) refs/heads/dev refs/remotes/dev [4ms]
2024-06-23 16:55:40.402 [info] > git status -z -uall [4ms]
2024-06-23 16:55:54.929 [info] > git config --get commit.template [5ms]
2024-06-23 16:55:54.930 [info] > git for-each-ref --format=%(refname)%00%(upstream:short)%00%(objectname)%00%(upstream:track)%00%(upstream:remotename)%00%(upstream:remoteref) refs/heads/dev refs/remotes/dev [2ms]
2024-06-23 16:55:54.936 [info] > git status -z -uall [2ms]
2024-06-23 16:56:00.107 [info] > git config --get commit.template [4ms]
2024-06-23 16:56:00.107 [info] > git for-each-ref --format=%(refname)%00%(upstream:short)%00%(objectname)%00%(upstream:track)%00%(upstream:remotename)%00%(upstream:remoteref) refs/heads/dev refs/remotes/dev [1ms]
2024-06-23 16:56:00.113 [info] > git status -z -uall [2ms]
2024-06-23 16:56:05.827 [info] > git config --get commit.template [4ms]
2024-06-23 16:56:05.828 [info] > git for-each-ref --format=%(refname)%00%(upstream:short)%00%(objectname)%00%(upstream:track)%00%(upstream:remotename)%00%(upstream:remoteref) refs/heads/dev refs/remotes/dev [1ms]
2024-06-23 16:56:05.833 [info] > git status -z -uall [2ms]
2024-06-23 16:58:45.107 [info] > git config --get commit.template [8ms]
2024-06-23 16:58:45.108 [info] > git for-each-ref --format=%(refname)%00%(upstream:short)%00%(objectname)%00%(upstream:track)%00%(upstream:remotename)%00%(upstream:remoteref) refs/heads/dev refs/remotes/dev [2ms]
2024-06-23 16:58:45.115 [info] > git status -z -uall [2ms]
2024-06-23 16:59:23.949 [info] > git config --get commit.template [13ms]
2024-06-23 16:59:23.952 [info] > git for-each-ref --format=%(refname)%00%(upstream:short)%00%(objectname)%00%(upstream:track)%00%(upstream:remotename)%00%(upstream:remoteref) refs/heads/dev refs/remotes/dev [4ms]
2024-06-23 16:59:23.969 [info] > git status -z -uall [5ms]
2024-06-23 16:59:45.754 [info] > git config --get commit.template [3ms]
2024-06-23 16:59:45.768 [info] > git for-each-ref --format=%(refname)%00%(upstream:short)%00%(objectname)%00%(upstream:track)%00%(upstream:remotename)%00%(upstream:remoteref) refs/heads/dev refs/remotes/dev [4ms]
2024-06-23 16:59:45.784 [info] > git status -z -uall [5ms]
2024-06-23 17:00:01.575 [info] > git config --get commit.template [14ms]
2024-06-23 17:00:01.577 [info] > git for-each-ref --format=%(refname)%00%(upstream:short)%00%(objectname)%00%(upstream:track)%00%(upstream:remotename)%00%(upstream:remoteref) refs/heads/dev refs/remotes/dev [3ms]
2024-06-23 17:00:01.588 [info] > git status -z -uall [3ms]
2024-06-23 17:00:06.598 [info] > git config --get commit.template [4ms]
2024-06-23 17:00:06.599 [info] > git for-each-ref --format=%(refname)%00%(upstream:short)%00%(objectname)%00%(upstream:track)%00%(upstream:remotename)%00%(upstream:remoteref) refs/heads/dev refs/remotes/dev [1ms]
2024-06-23 17:00:06.605 [info] > git status -z -uall [2ms]
2024-06-23 17:00:11.626 [info] > git config --get commit.template [9ms]
2024-06-23 17:00:11.628 [info] > git for-each-ref --format=%(refname)%00%(upstream:short)%00%(objectname)%00%(upstream:track)%00%(upstream:remotename)%00%(upstream:remoteref) refs/heads/dev refs/remotes/dev [3ms]
2024-06-23 17:00:11.641 [info] > git status -z -uall [4ms]
2024-06-23 17:00:23.993 [info] > git config --get commit.template [7ms]
2024-06-23 17:00:23.994 [info] > git for-each-ref --format=%(refname)%00%(upstream:short)%00%(objectname)%00%(upstream:track)%00%(upstream:remotename)%00%(upstream:remoteref) refs/heads/dev refs/remotes/dev [2ms]
2024-06-23 17:00:24.005 [info] > git status -z -uall [4ms]
2024-06-23 17:00:43.237 [info] > git config --get commit.template [13ms]
2024-06-23 17:00:43.240 [info] > git for-each-ref --format=%(refname)%00%(upstream:short)%00%(objectname)%00%(upstream:track)%00%(upstream:remotename)%00%(upstream:remoteref) refs/heads/dev refs/remotes/dev [4ms]
2024-06-23 17:00:43.257 [info] > git status -z -uall [6ms]
2024-06-23 17:00:48.479 [info] > git config --get commit.template [1ms]
2024-06-23 17:00:48.485 [info] > git for-each-ref --format=%(refname)%00%(upstream:short)%00%(objectname)%00%(upstream:track)%00%(upstream:remotename)%00%(upstream:remoteref) refs/heads/dev refs/remotes/dev [2ms]
2024-06-23 17:00:48.491 [info] > git status -z -uall [2ms]
2024-06-23 17:00:53.503 [info] > git config --get commit.template [5ms]
2024-06-23 17:00:53.504 [info] > git for-each-ref --format=%(refname)%00%(upstream:short)%00%(objectname)%00%(upstream:track)%00%(upstream:remotename)%00%(upstream:remoteref) refs/heads/dev refs/remotes/dev [2ms]
2024-06-23 17:00:53.510 [info] > git status -z -uall [1ms]
2024-06-23 17:01:01.827 [info] > git config --get commit.template [13ms]
2024-06-23 17:01:01.829 [info] > git for-each-ref --format=%(refname)%00%(upstream:short)%00%(objectname)%00%(upstream:track)%00%(upstream:remotename)%00%(upstream:remoteref) refs/heads/dev refs/remotes/dev [4ms]
2024-06-23 17:01:01.845 [info] > git status -z -uall [5ms]
2024-06-23 17:01:03.060 [info] > git show --textconv :nidas.dev/src/themes/theme.js [8ms]
2024-06-23 17:01:03.062 [info] > git ls-files --stage -- /home/leo/Projects/nidas.dev/nidas.dev/src/themes/theme.js [1ms]
2024-06-23 17:01:03.070 [info] > git cat-file -s 5426a5af75c6f934b7157017a7751a8e8bcd04b0 [2ms]
2024-06-23 17:01:10.131 [info] > git config --get commit.template [13ms]
2024-06-23 17:01:10.134 [info] > git for-each-ref --format=%(refname)%00%(upstream:short)%00%(objectname)%00%(upstream:track)%00%(upstream:remotename)%00%(upstream:remoteref) refs/heads/dev refs/remotes/dev [5ms]
2024-06-23 17:01:10.152 [info] > git status -z -uall [5ms]
2024-06-23 17:01:10.461 [info] > git show --textconv :nidas.dev/src/themes/Card.js [4ms]
2024-06-23 17:01:10.461 [info] > git ls-files --stage -- /home/leo/Projects/nidas.dev/nidas.dev/src/themes/Card.js [0ms]
2024-06-23 17:01:15.171 [info] > git config --get commit.template [9ms]
2024-06-23 17:01:15.172 [info] > git for-each-ref --format=%(refname)%00%(upstream:short)%00%(objectname)%00%(upstream:track)%00%(upstream:remotename)%00%(upstream:remoteref) refs/heads/dev refs/remotes/dev [2ms]
2024-06-23 17:01:15.183 [info] > git status -z -uall [3ms]
2024-06-23 17:01:26.248 [info] > git show --textconv :nidas.dev/src/themes/theme.js [15ms]
2024-06-23 17:01:26.249 [info] > git ls-files --stage -- /home/leo/Projects/nidas.dev/nidas.dev/src/themes/theme.js [3ms]
2024-06-23 17:01:26.259 [info] > git cat-file -s 5426a5af75c6f934b7157017a7751a8e8bcd04b0 [1ms]
2024-06-23 17:01:27.488 [info] > git show --textconv :nidas.dev/src/themes/Card.js [5ms]
2024-06-23 17:01:27.489 [info] > git ls-files --stage -- /home/leo/Projects/nidas.dev/nidas.dev/src/themes/Card.js [1ms]
2024-06-23 17:01:45.577 [info] > git show --textconv :nidas.dev/src/themes/theme.js [8ms]
2024-06-23 17:01:45.578 [info] > git ls-files --stage -- /home/leo/Projects/nidas.dev/nidas.dev/src/themes/theme.js [1ms]
2024-06-23 17:01:45.587 [info] > git cat-file -s 5426a5af75c6f934b7157017a7751a8e8bcd04b0 [2ms]
2024-06-23 17:01:51.256 [info] > git config --get commit.template [16ms]
2024-06-23 17:01:51.259 [info] > git for-each-ref --format=%(refname)%00%(upstream:short)%00%(objectname)%00%(upstream:track)%00%(upstream:remotename)%00%(upstream:remoteref) refs/heads/dev refs/remotes/dev [4ms]
2024-06-23 17:01:51.273 [info] > git status -z -uall [4ms]
2024-06-23 17:04:18.466 [info] > git show --textconv :nidas.dev/src/themes/Card.js [6ms]
2024-06-23 17:04:18.467 [info] > git ls-files --stage -- /home/leo/Projects/nidas.dev/nidas.dev/src/themes/Card.js [1ms]
2024-06-23 17:04:29.092 [info] > git show --textconv :nidas.dev/src/themes/theme.js [13ms]
2024-06-23 17:04:29.094 [info] > git ls-files --stage -- /home/leo/Projects/nidas.dev/nidas.dev/src/themes/theme.js [3ms]
2024-06-23 17:04:29.104 [info] > git cat-file -s 5426a5af75c6f934b7157017a7751a8e8bcd04b0 [2ms]
2024-06-23 17:04:36.709 [info] > git config --get commit.template [7ms]
2024-06-23 17:04:36.710 [info] > git for-each-ref --format=%(refname)%00%(upstream:short)%00%(objectname)%00%(upstream:track)%00%(upstream:remotename)%00%(upstream:remoteref) refs/heads/dev refs/remotes/dev [2ms]
2024-06-23 17:04:36.718 [info] > git status -z -uall [2ms]
2024-06-23 17:05:29.295 [info] > git show --textconv :nidas.dev/src/themes/Card.js [8ms]
2024-06-23 17:05:29.296 [info] > git ls-files --stage -- /home/leo/Projects/nidas.dev/nidas.dev/src/themes/Card.js [2ms]
2024-06-23 17:05:36.601 [info] > git show --textconv :nidas.dev/src/themes/theme.js [4ms]
2024-06-23 17:05:36.602 [info] > git ls-files --stage -- /home/leo/Projects/nidas.dev/nidas.dev/src/themes/theme.js [1ms]
2024-06-23 17:05:36.607 [info] > git cat-file -s 5426a5af75c6f934b7157017a7751a8e8bcd04b0 [1ms]
2024-06-23 17:08:58.618 [info] > git config --get commit.template [6ms]
2024-06-23 17:08:58.618 [info] > git for-each-ref --format=%(refname)%00%(upstream:short)%00%(objectname)%00%(upstream:track)%00%(upstream:remotename)%00%(upstream:remoteref) refs/heads/dev refs/remotes/dev [1ms]
2024-06-23 17:08:58.625 [info] > git status -z -uall [2ms]
2024-06-23 17:10:15.845 [info] > git config --get commit.template [15ms]
2024-06-23 17:10:15.848 [info] > git for-each-ref --format=%(refname)%00%(upstream:short)%00%(objectname)%00%(upstream:track)%00%(upstream:remotename)%00%(upstream:remoteref) refs/heads/dev refs/remotes/dev [4ms]
2024-06-23 17:10:15.860 [info] > git status -z -uall [3ms]
2024-06-23 17:10:23.311 [info] > git config --get commit.template [8ms]
2024-06-23 17:10:23.313 [info] > git for-each-ref --format=%(refname)%00%(upstream:short)%00%(objectname)%00%(upstream:track)%00%(upstream:remotename)%00%(upstream:remoteref) refs/heads/dev refs/remotes/dev [1ms]
2024-06-23 17:10:23.318 [info] > git status -z -uall [1ms]
2024-06-23 17:10:35.106 [info] > git config --get commit.template [8ms]
2024-06-23 17:10:35.107 [info] > git for-each-ref --format=%(refname)%00%(upstream:short)%00%(objectname)%00%(upstream:track)%00%(upstream:remotename)%00%(upstream:remoteref) refs/heads/dev refs/remotes/dev [1ms]
2024-06-23 17:10:35.115 [info] > git status -z -uall [2ms]
2024-06-23 17:10:54.928 [info] > git config --get commit.template [10ms]
2024-06-23 17:10:54.931 [info] > git for-each-ref --format=%(refname)%00%(upstream:short)%00%(objectname)%00%(upstream:track)%00%(upstream:remotename)%00%(upstream:remoteref) refs/heads/dev refs/remotes/dev [4ms]
2024-06-23 17:10:54.944 [info] > git status -z -uall [4ms]
2024-06-23 17:11:06.019 [info] > git config --get commit.template [6ms]
2024-06-23 17:11:06.019 [info] > git for-each-ref --format=%(refname)%00%(upstream:short)%00%(objectname)%00%(upstream:track)%00%(upstream:remotename)%00%(upstream:remoteref) refs/heads/dev refs/remotes/dev [1ms]
2024-06-23 17:11:06.026 [info] > git status -z -uall [2ms]
2024-06-23 17:11:35.958 [info] > git config --get commit.template [7ms]
2024-06-23 17:11:35.959 [info] > git for-each-ref --format=%(refname)%00%(upstream:short)%00%(objectname)%00%(upstream:track)%00%(upstream:remotename)%00%(upstream:remoteref) refs/heads/dev refs/remotes/dev [2ms]
2024-06-23 17:11:35.966 [info] > git status -z -uall [2ms]
2024-06-23 17:12:10.601 [info] > git config --get commit.template [4ms]
2024-06-23 17:12:10.602 [info] > git for-each-ref --format=%(refname)%00%(upstream:short)%00%(objectname)%00%(upstream:track)%00%(upstream:remotename)%00%(upstream:remoteref) refs/heads/dev refs/remotes/dev [1ms]
2024-06-23 17:12:10.608 [info] > git status -z -uall [1ms]
2024-06-23 17:12:15.627 [info] > git config --get commit.template [8ms]
2024-06-23 17:12:15.629 [info] > git for-each-ref --format=%(refname)%00%(upstream:short)%00%(objectname)%00%(upstream:track)%00%(upstream:remotename)%00%(upstream:remoteref) refs/heads/dev refs/remotes/dev [3ms]
2024-06-23 17:12:15.640 [info] > git status -z -uall [3ms]
2024-06-23 17:12:29.887 [info] > git config --get commit.template [11ms]
2024-06-23 17:12:29.889 [info] > git for-each-ref --format=%(refname)%00%(upstream:short)%00%(objectname)%00%(upstream:track)%00%(upstream:remotename)%00%(upstream:remoteref) refs/heads/dev refs/remotes/dev [3ms]
2024-06-23 17:12:29.905 [info] > git status -z -uall [4ms]
2024-06-23 17:13:56.636 [info] > git show --textconv :nidas.dev/src/themes/Button.js [8ms]
2024-06-23 17:13:56.638 [info] > git ls-files --stage -- /home/leo/Projects/nidas.dev/nidas.dev/src/themes/Button.js [1ms]
2024-06-23 17:13:56.904 [info] > git check-ignore -v -z --stdin [1ms]
2024-06-23 17:13:57.463 [info] > git config --get commit.template [4ms]
2024-06-23 17:13:57.464 [info] > git for-each-ref --format=%(refname)%00%(upstream:short)%00%(objectname)%00%(upstream:track)%00%(upstream:remotename)%00%(upstream:remoteref) refs/heads/dev refs/remotes/dev [1ms]
2024-06-23 17:13:57.469 [info] > git status -z -uall [1ms]
2024-06-23 17:15:12.977 [info] > git config --get commit.template [8ms]
2024-06-23 17:15:12.978 [info] > git for-each-ref --format=%(refname)%00%(upstream:short)%00%(objectname)%00%(upstream:track)%00%(upstream:remotename)%00%(upstream:remoteref) refs/heads/dev refs/remotes/dev [2ms]
2024-06-23 17:15:12.985 [info] > git status -z -uall [1ms]
2024-06-23 17:15:31.174 [info] > git config --get commit.template [6ms]
2024-06-23 17:15:31.175 [info] > git for-each-ref --format=%(refname)%00%(upstream:short)%00%(objectname)%00%(upstream:track)%00%(upstream:remotename)%00%(upstream:remoteref) refs/heads/dev refs/remotes/dev [2ms]
2024-06-23 17:15:31.183 [info] > git status -z -uall [2ms]
2024-06-23 17:15:46.573 [info] > git show --textconv :nidas.dev/src/themes/Card.js [15ms]
2024-06-23 17:15:46.575 [info] > git ls-files --stage -- /home/leo/Projects/nidas.dev/nidas.dev/src/themes/Card.js [4ms]
2024-06-23 17:15:47.378 [info] > git config --get commit.template [4ms]
2024-06-23 17:15:47.379 [info] > git for-each-ref --format=%(refname)%00%(upstream:short)%00%(objectname)%00%(upstream:track)%00%(upstream:remotename)%00%(upstream:remoteref) refs/heads/dev refs/remotes/dev [1ms]
2024-06-23 17:15:47.385 [info] > git status -z -uall [1ms]
2024-06-23 17:16:08.587 [info] > git config --get commit.template [13ms]
2024-06-23 17:16:08.589 [info] > git for-each-ref --format=%(refname)%00%(upstream:short)%00%(objectname)%00%(upstream:track)%00%(upstream:remotename)%00%(upstream:remoteref) refs/heads/dev refs/remotes/dev [4ms]
2024-06-23 17:16:08.607 [info] > git status -z -uall [6ms]
2024-06-23 17:16:09.405 [info] > git show --textconv :nidas.dev/src/themes/theme.js [13ms]
2024-06-23 17:16:09.407 [info] > git ls-files --stage -- /home/leo/Projects/nidas.dev/nidas.dev/src/themes/theme.js [3ms]
2024-06-23 17:16:09.417 [info] > git cat-file -s 5426a5af75c6f934b7157017a7751a8e8bcd04b0 [3ms]
2024-06-23 17:16:28.444 [info] > git show --textconv :nidas.dev/src/themes/Card.js [5ms]
2024-06-23 17:16:28.445 [info] > git ls-files --stage -- /home/leo/Projects/nidas.dev/nidas.dev/src/themes/Card.js [1ms]
2024-06-23 17:16:45.516 [info] > git config --get commit.template [13ms]
2024-06-23 17:16:45.518 [info] > git for-each-ref --format=%(refname)%00%(upstream:short)%00%(objectname)%00%(upstream:track)%00%(upstream:remotename)%00%(upstream:remoteref) refs/heads/dev refs/remotes/dev [4ms]
2024-06-23 17:16:45.534 [info] > git status -z -uall [5ms]
2024-06-23 17:16:46.416 [info] > git show --textconv :nidas.dev/src/themes/theme.js [12ms]
2024-06-23 17:16:46.418 [info] > git ls-files --stage -- /home/leo/Projects/nidas.dev/nidas.dev/src/themes/theme.js [3ms]
2024-06-23 17:16:46.425 [info] > git cat-file -s 5426a5af75c6f934b7157017a7751a8e8bcd04b0 [2ms]
2024-06-23 17:16:57.743 [info] > git config --get commit.template [15ms]
2024-06-23 17:16:57.746 [info] > git for-each-ref --format=%(refname)%00%(upstream:short)%00%(objectname)%00%(upstream:track)%00%(upstream:remotename)%00%(upstream:remoteref) refs/heads/dev refs/remotes/dev [5ms]
2024-06-23 17:16:57.762 [info] > git status -z -uall [3ms]
2024-06-23 17:17:53.396 [info] > git show --textconv :nidas.dev/src/themes/Card.js [7ms]
2024-06-23 17:17:53.398 [info] > git ls-files --stage -- /home/leo/Projects/nidas.dev/nidas.dev/src/themes/Card.js [2ms]
2024-06-23 17:18:19.027 [info] > git show --textconv :nidas.dev/src/themes/CardStyle [6ms]
2024-06-23 17:18:19.028 [info] > git ls-files --stage -- /home/leo/Projects/nidas.dev/nidas.dev/src/themes/CardStyle [1ms]
2024-06-23 17:18:19.306 [info] > git check-ignore -v -z --stdin [1ms]
2024-06-23 17:18:20.132 [info] > git config --get commit.template [6ms]
2024-06-23 17:18:20.132 [info] > git for-each-ref --format=%(refname)%00%(upstream:short)%00%(objectname)%00%(upstream:track)%00%(upstream:remotename)%00%(upstream:remoteref) refs/heads/dev refs/remotes/dev [1ms]
2024-06-23 17:18:20.138 [info] > git status -z -uall [1ms]
2024-06-23 17:18:29.899 [info] > git show --textconv :nidas.dev/src/themes/CardStyle.js [5ms]
2024-06-23 17:18:29.899 [info] > git ls-files --stage -- /home/leo/Projects/nidas.dev/nidas.dev/src/themes/CardStyle.js [1ms]
2024-06-23 17:18:30.182 [info] > git check-ignore -v -z --stdin [0ms]
2024-06-23 17:18:30.687 [info] > git config --get commit.template [6ms]
2024-06-23 17:18:30.687 [info] > git for-each-ref --format=%(refname)%00%(upstream:short)%00%(objectname)%00%(upstream:track)%00%(upstream:remotename)%00%(upstream:remoteref) refs/heads/dev refs/remotes/dev [1ms]
2024-06-23 17:18:30.693 [info] > git status -z -uall [1ms]
2024-06-23 17:18:33.018 [info] > git show --textconv :nidas.dev/src/themes/theme.js [6ms]
2024-06-23 17:18:33.019 [info] > git ls-files --stage -- /home/leo/Projects/nidas.dev/nidas.dev/src/themes/theme.js [1ms]
2024-06-23 17:18:33.025 [info] > git cat-file -s 5426a5af75c6f934b7157017a7751a8e8bcd04b0 [1ms]
2024-06-23 17:18:39.334 [info] > git show --textconv :nidas.dev/src/themes/CardStyle.js [6ms]
2024-06-23 17:18:39.335 [info] > git ls-files --stage -- /home/leo/Projects/nidas.dev/nidas.dev/src/themes/CardStyle.js [2ms]
2024-06-23 17:18:45.840 [info] > git show --textconv :nidas.dev/src/themes/Card.js [7ms]
2024-06-23 17:18:45.841 [info] > git ls-files --stage -- /home/leo/Projects/nidas.dev/nidas.dev/src/themes/Card.js [2ms]
2024-06-23 17:18:46.661 [info] > git config --get commit.template [5ms]
2024-06-23 17:18:46.662 [info] > git for-each-ref --format=%(refname)%00%(upstream:short)%00%(objectname)%00%(upstream:track)%00%(upstream:remotename)%00%(upstream:remoteref) refs/heads/dev refs/remotes/dev [1ms]
2024-06-23 17:18:46.668 [info] > git status -z -uall [1ms]
2024-06-23 17:18:48.310 [info] > git show --textconv :nidas.dev/src/themes/CardStyle.js [6ms]
2024-06-23 17:18:48.311 [info] > git ls-files --stage -- /home/leo/Projects/nidas.dev/nidas.dev/src/themes/CardStyle.js [2ms]
2024-06-23 17:18:49.182 [info] > git show --textconv :nidas.dev/src/themes/theme.js [9ms]
2024-06-23 17:18:49.183 [info] > git ls-files --stage -- /home/leo/Projects/nidas.dev/nidas.dev/src/themes/theme.js [2ms]
2024-06-23 17:18:49.193 [info] > git cat-file -s 5426a5af75c6f934b7157017a7751a8e8bcd04b0 [3ms]
2024-06-23 17:18:49.852 [info] > git show --textconv :nidas.dev/src/themes/CardStyle.js [4ms]
2024-06-23 17:18:49.853 [info] > git ls-files --stage -- /home/leo/Projects/nidas.dev/nidas.dev/src/themes/CardStyle.js [1ms]
2024-06-23 17:18:59.209 [info] > git show --textconv :nidas.dev/src/themes/Card.js [6ms]
2024-06-23 17:18:59.210 [info] > git ls-files --stage -- /home/leo/Projects/nidas.dev/nidas.dev/src/themes/Card.js [2ms]
2024-06-23 17:19:01.461 [info] > git show --textconv :nidas.dev/src/themes/CardStyle.js [5ms]
2024-06-23 17:19:01.462 [info] > git ls-files --stage -- /home/leo/Projects/nidas.dev/nidas.dev/src/themes/CardStyle.js [2ms]
2024-06-23 17:19:07.045 [info] > git show --textconv :nidas.dev/src/themes/Card.js [5ms]
2024-06-23 17:19:07.046 [info] > git ls-files --stage -- /home/leo/Projects/nidas.dev/nidas.dev/src/themes/Card.js [1ms]
2024-06-23 17:19:46.651 [info] > git config --get commit.template [13ms]
2024-06-23 17:19:46.654 [info] > git for-each-ref --format=%(refname)%00%(upstream:short)%00%(objectname)%00%(upstream:track)%00%(upstream:remotename)%00%(upstream:remoteref) refs/heads/dev refs/remotes/dev [5ms]
2024-06-23 17:19:46.667 [info] > git status -z -uall [4ms]
2024-06-23 17:20:05.971 [info] > git show --textconv :nidas.dev/src/themes/theme.js [4ms]
2024-06-23 17:20:05.971 [info] > git ls-files --stage -- /home/leo/Projects/nidas.dev/nidas.dev/src/themes/theme.js [1ms]
2024-06-23 17:20:05.976 [info] > git cat-file -s 5426a5af75c6f934b7157017a7751a8e8bcd04b0 [1ms]
2024-06-23 17:20:32.148 [info] > git config --get commit.template [7ms]
2024-06-23 17:20:32.149 [info] > git for-each-ref --format=%(refname)%00%(upstream:short)%00%(objectname)%00%(upstream:track)%00%(upstream:remotename)%00%(upstream:remoteref) refs/heads/dev refs/remotes/dev [1ms]
2024-06-23 17:20:32.155 [info] > git status -z -uall [2ms]
2024-06-23 17:20:37.942 [info] > git show --textconv :nidas.dev/src/pages/construction.js [5ms]
2024-06-23 17:20:37.942 [info] > git ls-files --stage -- /home/leo/Projects/nidas.dev/nidas.dev/src/pages/construction.js [1ms]
2024-06-23 17:20:37.948 [info] > git cat-file -s ae366f199e6ba351f6f6d879a235f1a2cee2fe93 [1ms]
2024-06-23 17:20:48.616 [info] > git show --textconv :nidas.dev/src/themes/Card.js [6ms]
2024-06-23 17:20:48.617 [info] > git ls-files --stage -- /home/leo/Projects/nidas.dev/nidas.dev/src/themes/Card.js [1ms]
2024-06-23 17:20:49.734 [info] > git show --textconv :nidas.dev/src/themes/CardStyle.js [6ms]
2024-06-23 17:20:49.734 [info] > git ls-files --stage -- /home/leo/Projects/nidas.dev/nidas.dev/src/themes/CardStyle.js [1ms]
2024-06-23 17:20:57.456 [info] > git config --get commit.template [13ms]
2024-06-23 17:20:57.459 [info] > git for-each-ref --format=%(refname)%00%(upstream:short)%00%(objectname)%00%(upstream:track)%00%(upstream:remotename)%00%(upstream:remoteref) refs/heads/dev refs/remotes/dev [4ms]
2024-06-23 17:20:57.478 [info] > git status -z -uall [6ms]
2024-06-23 17:21:45.163 [info] > git show --textconv :nidas.dev/src/themes/Card.js [4ms]
2024-06-23 17:21:45.164 [info] > git ls-files --stage -- /home/leo/Projects/nidas.dev/nidas.dev/src/themes/Card.js [1ms]
2024-06-23 17:21:58.639 [info] > git show --textconv :nidas.dev/src/themes/theme.js [8ms]
2024-06-23 17:21:58.640 [info] > git ls-files --stage -- /home/leo/Projects/nidas.dev/nidas.dev/src/themes/theme.js [2ms]
2024-06-23 17:21:58.648 [info] > git cat-file -s 5426a5af75c6f934b7157017a7751a8e8bcd04b0 [2ms]
2024-06-23 17:22:17.669 [info] > git config --get commit.template [5ms]
2024-06-23 17:22:17.669 [info] > git for-each-ref --format=%(refname)%00%(upstream:short)%00%(objectname)%00%(upstream:track)%00%(upstream:remotename)%00%(upstream:remoteref) refs/heads/dev refs/remotes/dev [1ms]
2024-06-23 17:22:17.675 [info] > git status -z -uall [2ms]
2024-06-23 17:22:26.068 [info] > git config --get commit.template [9ms]
2024-06-23 17:22:26.069 [info] > git for-each-ref --format=%(refname)%00%(upstream:short)%00%(objectname)%00%(upstream:track)%00%(upstream:remotename)%00%(upstream:remoteref) refs/heads/dev refs/remotes/dev [2ms]
2024-06-23 17:22:26.079 [info] > git status -z -uall [3ms]
2024-06-23 17:23:22.874 [info] > git config --get commit.template [8ms]
2024-06-23 17:23:22.875 [info] > git for-each-ref --format=%(refname)%00%(upstream:short)%00%(objectname)%00%(upstream:track)%00%(upstream:remotename)%00%(upstream:remoteref) refs/heads/dev refs/remotes/dev [2ms]
2024-06-23 17:23:22.882 [info] > git status -z -uall [2ms]
2024-06-23 17:23:39.241 [info] > git show --textconv :nidas.dev/src/themes/CardStyle.js [9ms]
2024-06-23 17:23:39.242 [info] > git ls-files --stage -- /home/leo/Projects/nidas.dev/nidas.dev/src/themes/CardStyle.js [2ms]
2024-06-23 17:23:40.770 [info] > git show --textconv :nidas.dev/src/themes/Card.js [7ms]
2024-06-23 17:23:40.771 [info] > git ls-files --stage -- /home/leo/Projects/nidas.dev/nidas.dev/src/themes/Card.js [2ms]
2024-06-23 17:23:46.515 [info] > git show --textconv :nidas.dev/src/themes/theme.js [6ms]
2024-06-23 17:23:46.516 [info] > git ls-files --stage -- /home/leo/Projects/nidas.dev/nidas.dev/src/themes/theme.js [1ms]
2024-06-23 17:23:46.522 [info] > git cat-file -s 5426a5af75c6f934b7157017a7751a8e8bcd04b0 [1ms]
2024-06-23 17:25:07.136 [info] > git config --get commit.template [8ms]
2024-06-23 17:25:07.137 [info] > git for-each-ref --format=%(refname)%00%(upstream:short)%00%(objectname)%00%(upstream:track)%00%(upstream:remotename)%00%(upstream:remoteref) refs/heads/dev refs/remotes/dev [2ms]
2024-06-23 17:25:07.145 [info] > git status -z -uall [2ms]
2024-06-23 17:25:08.605 [info] > git show --textconv :nidas.dev/src/themes/Card.js [12ms]
2024-06-23 17:25:08.607 [info] > git ls-files --stage -- /home/leo/Projects/nidas.dev/nidas.dev/src/themes/Card.js [3ms]
2024-06-23 17:25:37.157 [info] > git config --get commit.template [9ms]
2024-06-23 17:25:37.158 [info] > git for-each-ref --format=%(refname)%00%(upstream:short)%00%(objectname)%00%(upstream:track)%00%(upstream:remotename)%00%(upstream:remoteref) refs/heads/dev refs/remotes/dev [2ms]
2024-06-23 17:25:37.166 [info] > git status -z -uall [2ms]
2024-06-23 17:26:45.244 [info] > git show --textconv :nidas.dev/src/themes/theme.js [5ms]
2024-06-23 17:26:45.244 [info] > git ls-files --stage -- /home/leo/Projects/nidas.dev/nidas.dev/src/themes/theme.js [1ms]
2024-06-23 17:26:45.249 [info] > git cat-file -s 5426a5af75c6f934b7157017a7751a8e8bcd04b0 [1ms]
2024-06-23 17:27:00.549 [info] > git config --get commit.template [6ms]
2024-06-23 17:27:00.550 [info] > git for-each-ref --format=%(refname)%00%(upstream:short)%00%(objectname)%00%(upstream:track)%00%(upstream:remotename)%00%(upstream:remoteref) refs/heads/dev refs/remotes/dev [1ms]
2024-06-23 17:27:00.558 [info] > git status -z -uall [2ms]
2024-06-23 17:27:08.264 [info] > git show --textconv :nidas.dev/src/themes/CardStyle.js [4ms]
2024-06-23 17:27:08.265 [info] > git ls-files --stage -- /home/leo/Projects/nidas.dev/nidas.dev/src/themes/CardStyle.js [1ms]
2024-06-23 17:27:24.425 [info] > git config --get commit.template [8ms]
2024-06-23 17:27:24.426 [info] > git for-each-ref --format=%(refname)%00%(upstream:short)%00%(objectname)%00%(upstream:track)%00%(upstream:remotename)%00%(upstream:remoteref) refs/heads/dev refs/remotes/dev [1ms]
2024-06-23 17:27:24.434 [info] > git status -z -uall [2ms]
2024-06-23 17:27:26.233 [info] > git show --textconv :nidas.dev/src/themes/theme.js [11ms]
2024-06-23 17:27:26.235 [info] > git ls-files --stage -- /home/leo/Projects/nidas.dev/nidas.dev/src/themes/theme.js [3ms]
2024-06-23 17:27:26.244 [info] > git cat-file -s 5426a5af75c6f934b7157017a7751a8e8bcd04b0 [2ms]
2024-06-23 17:27:31.579 [info] > git config --get commit.template [9ms]
2024-06-23 17:27:31.580 [info] > git for-each-ref --format=%(refname)%00%(upstream:short)%00%(objectname)%00%(upstream:track)%00%(upstream:remotename)%00%(upstream:remoteref) refs/heads/dev refs/remotes/dev [2ms]
2024-06-23 17:27:31.592 [info] > git status -z -uall [3ms]
2024-06-23 17:27:37.773 [info] > git config --get commit.template [5ms]
2024-06-23 17:27:37.774 [info] > git for-each-ref --format=%(refname)%00%(upstream:short)%00%(objectname)%00%(upstream:track)%00%(upstream:remotename)%00%(upstream:remoteref) refs/heads/dev refs/remotes/dev [1ms]
2024-06-23 17:27:37.779 [info] > git status -z -uall [1ms]
2024-06-23 17:28:18.548 [info] > git show --textconv :nidas.dev/src/themes/Card.js [5ms]
2024-06-23 17:28:18.548 [info] > git ls-files --stage -- /home/leo/Projects/nidas.dev/nidas.dev/src/themes/Card.js [1ms]
2024-06-23 17:28:31.521 [info] > git show --textconv :nidas.dev/src/themes/theme.js [5ms]
2024-06-23 17:28:31.521 [info] > git ls-files --stage -- /home/leo/Projects/nidas.dev/nidas.dev/src/themes/theme.js [1ms]
2024-06-23 17:28:31.526 [info] > git cat-file -s 5426a5af75c6f934b7157017a7751a8e8bcd04b0 [1ms]
2024-06-23 17:28:55.085 [info] > git show --textconv :nidas.dev/src/themes/Card.js [8ms]
2024-06-23 17:28:55.086 [info] > git ls-files --stage -- /home/leo/Projects/nidas.dev/nidas.dev/src/themes/Card.js [2ms]
2024-06-23 17:29:02.360 [info] > git config --get commit.template [7ms]
2024-06-23 17:29:02.361 [info] > git for-each-ref --format=%(refname)%00%(upstream:short)%00%(objectname)%00%(upstream:track)%00%(upstream:remotename)%00%(upstream:remoteref) refs/heads/dev refs/remotes/dev [1ms]
2024-06-23 17:29:02.369 [info] > git status -z -uall [2ms]
2024-06-23 17:29:06.359 [info] > git show --textconv :nidas.dev/src/themes/Button.js [4ms]
2024-06-23 17:29:06.360 [info] > git ls-files --stage -- /home/leo/Projects/nidas.dev/nidas.dev/src/themes/Button.js [1ms]
2024-06-23 17:29:09.258 [info] > git show --textconv :nidas.dev/src/pages/construction.js [6ms]
2024-06-23 17:29:09.259 [info] > git ls-files --stage -- /home/leo/Projects/nidas.dev/nidas.dev/src/pages/construction.js [2ms]
2024-06-23 17:29:09.266 [info] > git cat-file -s ae366f199e6ba351f6f6d879a235f1a2cee2fe93 [2ms]
2024-06-23 17:45:08.601 [info] > git config --get commit.template [13ms]
2024-06-23 17:45:08.604 [info] > git for-each-ref --format=%(refname)%00%(upstream:short)%00%(objectname)%00%(upstream:track)%00%(upstream:remotename)%00%(upstream:remoteref) refs/heads/dev refs/remotes/dev [4ms]
2024-06-23 17:45:08.621 [info] > git status -z -uall [5ms]
2024-06-23 17:45:36.162 [info] > git config --get commit.template [5ms]
2024-06-23 17:45:36.163 [info] > git for-each-ref --format=%(refname)%00%(upstream:short)%00%(objectname)%00%(upstream:track)%00%(upstream:remotename)%00%(upstream:remoteref) refs/heads/dev refs/remotes/dev [1ms]
2024-06-23 17:45:36.170 [info] > git status -z -uall [2ms]
2024-06-23 17:45:37.145 [info] > git show --textconv :nidas.dev/src/themes/theme.js [5ms]
2024-06-23 17:45:37.146 [info] > git ls-files --stage -- /home/leo/Projects/nidas.dev/nidas.dev/src/themes/theme.js [2ms]
2024-06-23 17:45:37.151 [info] > git cat-file -s 5426a5af75c6f934b7157017a7751a8e8bcd04b0 [1ms]
2024-06-23 17:45:47.479 [info] > git show --textconv :nidas.dev/src/themes/Card.js [8ms]
2024-06-23 17:45:47.480 [info] > git ls-files --stage -- /home/leo/Projects/nidas.dev/nidas.dev/src/themes/Card.js [2ms]
2024-06-23 17:45:48.788 [info] > git show --textconv :nidas.dev/src/themes/CardStyle.js [5ms]
2024-06-23 17:45:48.788 [info] > git ls-files --stage -- /home/leo/Projects/nidas.dev/nidas.dev/src/themes/CardStyle.js [1ms]
2024-06-23 17:45:50.340 [info] > git show --textconv :nidas.dev/src/themes/theme.js [10ms]
2024-06-23 17:45:50.342 [info] > git ls-files --stage -- /home/leo/Projects/nidas.dev/nidas.dev/src/themes/theme.js [2ms]
2024-06-23 17:45:50.353 [info] > git cat-file -s 5426a5af75c6f934b7157017a7751a8e8bcd04b0 [2ms]
2024-06-23 17:46:05.606 [info] > git config --get commit.template [13ms]
2024-06-23 17:46:05.609 [info] > git for-each-ref --format=%(refname)%00%(upstream:short)%00%(objectname)%00%(upstream:track)%00%(upstream:remotename)%00%(upstream:remoteref) refs/heads/dev refs/remotes/dev [4ms]
2024-06-23 17:46:05.625 [info] > git status -z -uall [5ms]
2024-06-23 17:46:10.645 [info] > git config --get commit.template [8ms]
2024-06-23 17:46:10.647 [info] > git for-each-ref --format=%(refname)%00%(upstream:short)%00%(objectname)%00%(upstream:track)%00%(upstream:remotename)%00%(upstream:remoteref) refs/heads/dev refs/remotes/dev [3ms]
2024-06-23 17:46:10.658 [info] > git status -z -uall [4ms]
2024-06-23 17:46:27.222 [info] > git config --get commit.template [11ms]
2024-06-23 17:46:27.225 [info] > git for-each-ref --format=%(refname)%00%(upstream:short)%00%(objectname)%00%(upstream:track)%00%(upstream:remotename)%00%(upstream:remoteref) refs/heads/dev refs/remotes/dev [4ms]
2024-06-23 17:46:27.240 [info] > git status -z -uall [3ms]
2024-06-23 17:46:48.110 [info] > git config --get commit.template [11ms]
2024-06-23 17:46:48.112 [info] > git for-each-ref --format=%(refname)%00%(upstream:short)%00%(objectname)%00%(upstream:track)%00%(upstream:remotename)%00%(upstream:remoteref) refs/heads/dev refs/remotes/dev [3ms]
2024-06-23 17:46:48.127 [info] > git status -z -uall [5ms]
2024-06-23 17:47:49.592 [info] > git config --get commit.template [7ms]
2024-06-23 17:47:49.592 [info] > git for-each-ref --format=%(refname)%00%(upstream:short)%00%(objectname)%00%(upstream:track)%00%(upstream:remotename)%00%(upstream:remoteref) refs/heads/dev refs/remotes/dev [1ms]
2024-06-23 17:47:49.599 [info] > git status -z -uall [1ms]
2024-06-23 17:47:55.075 [info] > git config --get commit.template [12ms]
2024-06-23 17:47:55.078 [info] > git for-each-ref --format=%(refname)%00%(upstream:short)%00%(objectname)%00%(upstream:track)%00%(upstream:remotename)%00%(upstream:remoteref) refs/heads/dev refs/remotes/dev [4ms]
2024-06-23 17:47:55.094 [info] > git status -z -uall [5ms]
2024-06-23 17:48:23.443 [info] > git config --get commit.template [4ms]
2024-06-23 17:48:23.444 [info] > git for-each-ref --format=%(refname)%00%(upstream:short)%00%(objectname)%00%(upstream:track)%00%(upstream:remotename)%00%(upstream:remoteref) refs/heads/dev refs/remotes/dev [1ms]
2024-06-23 17:48:23.450 [info] > git status -z -uall [2ms]
2024-06-23 17:48:36.126 [info] > git show --textconv :nidas.dev/src/themes/Button.js [7ms]
2024-06-23 17:48:36.127 [info] > git ls-files --stage -- /home/leo/Projects/nidas.dev/nidas.dev/src/themes/Button.js [2ms]
2024-06-23 17:48:54.755 [info] > git config --get commit.template [7ms]
2024-06-23 17:48:54.757 [info] > git for-each-ref --format=%(refname)%00%(upstream:short)%00%(objectname)%00%(upstream:track)%00%(upstream:remotename)%00%(upstream:remoteref) refs/heads/dev refs/remotes/dev [2ms]
2024-06-23 17:48:54.764 [info] > git status -z -uall [2ms]
2024-06-23 17:49:00.410 [info] > git config --get commit.template [13ms]
2024-06-23 17:49:00.413 [info] > git for-each-ref --format=%(refname)%00%(upstream:short)%00%(objectname)%00%(upstream:track)%00%(upstream:remotename)%00%(upstream:remoteref) refs/heads/dev refs/remotes/dev [4ms]
2024-06-23 17:49:00.427 [info] > git status -z -uall [4ms]
2024-06-23 17:49:14.255 [info] > git config --get commit.template [16ms]
2024-06-23 17:49:14.258 [info] > git for-each-ref --format=%(refname)%00%(upstream:short)%00%(objectname)%00%(upstream:track)%00%(upstream:remotename)%00%(upstream:remoteref) refs/heads/dev refs/remotes/dev [4ms]
2024-06-23 17:49:14.273 [info] > git status -z -uall [5ms]
2024-06-23 17:49:34.222 [info] > git show --textconv :nidas.dev/src/themes/Card.js [4ms]
2024-06-23 17:49:34.223 [info] > git ls-files --stage -- /home/leo/Projects/nidas.dev/nidas.dev/src/themes/Card.js [1ms]
2024-06-23 17:49:48.762 [info] > git show --textconv :nidas.dev/src/themes/CardStyle.js [5ms]
2024-06-23 17:49:48.762 [info] > git ls-files --stage -- /home/leo/Projects/nidas.dev/nidas.dev/src/themes/CardStyle.js [1ms]
2024-06-23 17:49:49.895 [info] > git show --textconv :nidas.dev/src/themes/theme.js [5ms]
2024-06-23 17:49:49.896 [info] > git ls-files --stage -- /home/leo/Projects/nidas.dev/nidas.dev/src/themes/theme.js [1ms]
2024-06-23 17:49:49.902 [info] > git cat-file -s 5426a5af75c6f934b7157017a7751a8e8bcd04b0 [1ms]
2024-06-23 17:50:03.027 [info] > git config --get commit.template [14ms]
2024-06-23 17:50:03.029 [info] > git for-each-ref --format=%(refname)%00%(upstream:short)%00%(objectname)%00%(upstream:track)%00%(upstream:remotename)%00%(upstream:remoteref) refs/heads/dev refs/remotes/dev [4ms]
2024-06-23 17:50:03.046 [info] > git status -z -uall [5ms]
2024-06-23 17:50:14.998 [info] > git show --textconv :nidas.dev/src/themes/Card.js [5ms]
2024-06-23 17:50:14.999 [info] > git ls-files --stage -- /home/leo/Projects/nidas.dev/nidas.dev/src/themes/Card.js [1ms]
2024-06-23 17:50:15.501 [info] > git show --textconv :nidas.dev/src/themes/CardStyle.js [13ms]
2024-06-23 17:50:15.502 [info] > git ls-files --stage -- /home/leo/Projects/nidas.dev/nidas.dev/src/themes/CardStyle.js [2ms]
2024-06-23 17:50:23.386 [info] > git show --textconv :nidas.dev/src/pages/construction.js [5ms]
2024-06-23 17:50:23.386 [info] > git ls-files --stage -- /home/leo/Projects/nidas.dev/nidas.dev/src/pages/construction.js [1ms]
2024-06-23 17:50:23.391 [info] > git cat-file -s ae366f199e6ba351f6f6d879a235f1a2cee2fe93 [1ms]
2024-06-23 17:50:30.638 [info] > git config --get commit.template [13ms]
2024-06-23 17:50:30.641 [info] > git for-each-ref --format=%(refname)%00%(upstream:short)%00%(objectname)%00%(upstream:track)%00%(upstream:remotename)%00%(upstream:remoteref) refs/heads/dev refs/remotes/dev [4ms]
2024-06-23 17:50:30.656 [info] > git status -z -uall [3ms]
2024-06-23 17:50:35.687 [info] > git config --get commit.template [14ms]
2024-06-23 17:50:35.689 [info] > git for-each-ref --format=%(refname)%00%(upstream:short)%00%(objectname)%00%(upstream:track)%00%(upstream:remotename)%00%(upstream:remoteref) refs/heads/dev refs/remotes/dev [4ms]
2024-06-23 17:50:35.707 [info] > git status -z -uall [6ms]
2024-06-23 17:50:40.723 [info] > git config --get commit.template [6ms]
2024-06-23 17:50:40.724 [info] > git for-each-ref --format=%(refname)%00%(upstream:short)%00%(objectname)%00%(upstream:track)%00%(upstream:remotename)%00%(upstream:remoteref) refs/heads/dev refs/remotes/dev [2ms]
2024-06-23 17:50:40.732 [info] > git status -z -uall [2ms]
2024-06-23 17:50:43.299 [info] > git show --textconv :nidas.dev/src/themes/theme.js [6ms]
2024-06-23 17:50:43.300 [info] > git ls-files --stage -- /home/leo/Projects/nidas.dev/nidas.dev/src/themes/theme.js [2ms]
2024-06-23 17:50:43.306 [info] > git cat-file -s 5426a5af75c6f934b7157017a7751a8e8bcd04b0 [1ms]
2024-06-23 17:50:54.644 [info] > git show --textconv :nidas.dev/src/themes/Card.js [5ms]
2024-06-23 17:50:54.644 [info] > git ls-files --stage -- /home/leo/Projects/nidas.dev/nidas.dev/src/themes/Card.js [1ms]
2024-06-23 17:51:55.831 [info] > git show --textconv :nidas.dev/src/themes/CardStyle.js [6ms]
2024-06-23 17:51:55.832 [info] > git ls-files --stage -- /home/leo/Projects/nidas.dev/nidas.dev/src/themes/CardStyle.js [1ms]
2024-06-23 17:51:58.116 [info] > git show --textconv :nidas.dev/src/themes/theme.js [5ms]
2024-06-23 17:51:58.117 [info] > git ls-files --stage -- /home/leo/Projects/nidas.dev/nidas.dev/src/themes/theme.js [1ms]
2024-06-23 17:51:58.122 [info] > git cat-file -s 5426a5af75c6f934b7157017a7751a8e8bcd04b0 [2ms]
2024-06-23 17:52:19.408 [info] > git show --textconv :nidas.dev/src/themes/CardStyle.js [5ms]
2024-06-23 17:52:19.409 [info] > git ls-files --stage -- /home/leo/Projects/nidas.dev/nidas.dev/src/themes/CardStyle.js [1ms]
2024-06-23 17:52:20.491 [info] > git show --textconv :nidas.dev/src/themes/theme.js [5ms]
2024-06-23 17:52:20.491 [info] > git ls-files --stage -- /home/leo/Projects/nidas.dev/nidas.dev/src/themes/theme.js [1ms]
2024-06-23 17:52:20.497 [info] > git cat-file -s 5426a5af75c6f934b7157017a7751a8e8bcd04b0 [1ms]
2024-06-23 17:52:30.372 [info] > git show --textconv :nidas.dev/src/themes/CardStyle.js [8ms]
2024-06-23 17:52:30.373 [info] > git ls-files --stage -- /home/leo/Projects/nidas.dev/nidas.dev/src/themes/CardStyle.js [2ms]
2024-06-23 17:52:31.425 [info] > git show --textconv :nidas.dev/src/themes/Card.js [5ms]
2024-06-23 17:52:31.426 [info] > git ls-files --stage -- /home/leo/Projects/nidas.dev/nidas.dev/src/themes/Card.js [1ms]
2024-06-23 17:52:38.905 [info] > git config --get commit.template [3ms]
2024-06-23 17:52:38.922 [info] > git for-each-ref --format=%(refname)%00%(upstream:short)%00%(objectname)%00%(upstream:track)%00%(upstream:remotename)%00%(upstream:remoteref) refs/heads/dev refs/remotes/dev [5ms]
2024-06-23 17:52:38.938 [info] > git status -z -uall [3ms]
2024-06-23 17:52:40.783 [info] > git show --textconv :nidas.dev/src/themes/theme.js [7ms]
2024-06-23 17:52:40.784 [info] > git ls-files --stage -- /home/leo/Projects/nidas.dev/nidas.dev/src/themes/theme.js [1ms]
2024-06-23 17:52:40.790 [info] > git cat-file -s 5426a5af75c6f934b7157017a7751a8e8bcd04b0 [2ms]
2024-06-23 17:52:53.170 [info] > git show --textconv :nidas.dev/src/themes/Card.js [5ms]
2024-06-23 17:52:53.171 [info] > git ls-files --stage -- /home/leo/Projects/nidas.dev/nidas.dev/src/themes/Card.js [2ms]
2024-06-23 17:53:01.240 [info] > git show --textconv :nidas.dev/src/themes/theme.js [5ms]
2024-06-23 17:53:01.241 [info] > git ls-files --stage -- /home/leo/Projects/nidas.dev/nidas.dev/src/themes/theme.js [1ms]
2024-06-23 17:53:01.245 [info] > git cat-file -s 5426a5af75c6f934b7157017a7751a8e8bcd04b0 [1ms]
2024-06-23 17:53:01.913 [info] > git show --textconv :nidas.dev/src/themes/CardStyle.js [7ms]
2024-06-23 17:53:01.914 [info] > git ls-files --stage -- /home/leo/Projects/nidas.dev/nidas.dev/src/themes/CardStyle.js [2ms]
2024-06-23 17:53:02.838 [info] > git show --textconv :nidas.dev/src/themes/theme.js [4ms]
2024-06-23 17:53:02.838 [info] > git ls-files --stage -- /home/leo/Projects/nidas.dev/nidas.dev/src/themes/theme.js [1ms]
2024-06-23 17:53:02.843 [info] > git cat-file -s 5426a5af75c6f934b7157017a7751a8e8bcd04b0 [1ms]
2024-06-23 17:53:15.265 [info] > git show --textconv :nidas.dev/src/themes/CardStyle.js [7ms]
2024-06-23 17:53:15.267 [info] > git ls-files --stage -- /home/leo/Projects/nidas.dev/nidas.dev/src/themes/CardStyle.js [2ms]
2024-06-23 17:53:18.697 [info] > git show --textconv :nidas.dev/src/themes/Card.js [8ms]
2024-06-23 17:53:18.699 [info] > git ls-files --stage -- /home/leo/Projects/nidas.dev/nidas.dev/src/themes/Card.js [2ms]
2024-06-23 17:53:43.472 [info] > git config --get commit.template [12ms]
2024-06-23 17:53:43.474 [info] > git for-each-ref --format=%(refname)%00%(upstream:short)%00%(objectname)%00%(upstream:track)%00%(upstream:remotename)%00%(upstream:remoteref) refs/heads/dev refs/remotes/dev [4ms]
2024-06-23 17:53:43.490 [info] > git status -z -uall [5ms]
2024-06-24 01:57:22.090 [info] > git config --get commit.template [5ms]
2024-06-24 01:57:22.091 [info] > git for-each-ref --format=%(refname)%00%(upstream:short)%00%(objectname)%00%(upstream:track)%00%(upstream:remotename)%00%(upstream:remoteref) refs/heads/dev refs/remotes/dev [1ms]
2024-06-24 01:57:22.097 [info] > git status -z -uall [1ms]
